LSOA21CD,LSOA21NM,LSOA21LN,IMDScore,Income,Employment,EducationScore,CrimeScore,LivingEnvironmentScore,POP2022Total,Period_Total_Crimes,Crime_Rate
E01014674,Bristol 027B,Burchells Green,22.04,24.9,14.1,32.1,0.3,17.9,1749,147,84.04802744425385
E01014485,Bristol 058A,Mina Road,21.1,22.1,11.1,22.6,0.3,48.5,1975,208,105.31645569620252
E01014486,Bristol 058C,St Agnes,35.23,32.8,19.0,25.5,1.4,46.8,2759,383,138.8184124682856
E01014487,Bristol 020A,Cromwell Road,8.32,7.7,5.5,1.0,-0.1,43.8,2038,80,39.25417075564279
E01014488,Bristol 058B,Upper Montpelier,17.9,21.4,12.9,11.0,0.4,33.4,2108,219,103.8899430740038
E01014489,Bristol 059A,Lower Montpelier,27.15,25.6,15.1,23.4,1.2,33.5,2550,428,167.84313725490196
E01014491,Bristol 020B,Ashley Hill,10.1,9.2,7.1,4.4,0.1,42.0,2007,144,71.74887892376681
E01014492,Bristol 008A,Shirehampton Centre,37.66,36.4,21.5,60.3,0.8,18.8,1670,226,135.32934131736528
E01014493,Bristol 008B,Barrow Hill,33.66,30.8,19.4,47.6,0.9,24.6,1630,179,109.8159509202454
E01014494,Bristol 008C,Shirehampton Portway,11.69,11.9,7.9,14.8,0.0,27.4,1565,110,70.28753993610223
E01014495,Bristol 008D,Woodwell Road,18.64,19.0,12.8,24.5,0.1,22.9,1802,109,60.48834628190899
E01014497,Bristol 003A,Lawrence Weston West,38.71,40.2,21.2,55.8,1.1,15.5,1742,235,134.902411021814
E01014499,Bristol 008F,Avonmouth Village,31.01,28.7,18.4,48.7,0.1,26.7,1676,170,101.43198090692124
E01014500,Bristol 039A,Parson Street,14.24,13.9,7.7,13.8,0.3,36.0,1872,124,66.23931623931624
E01014501,Bristol 041A,Ashton Vale,28.55,28.8,18.5,56.6,0.0,6.4,2148,112,52.1415270018622
E01014502,Bristol 039B,Bedminster Road,24.52,27.5,14.6,35.8,0.6,17.4,2033,147,72.30693556320708
E01014504,Bristol 041B,Luckwell Road,8.18,6.6,4.6,3.6,-0.7,46.7,1578,45,28.517110266159698
E01014505,Bristol 041C,Chessel Street,9.77,8.7,4.3,7.8,-0.4,46.6,1797,55,30.606566499721758
E01014506,Bristol 041D,Winterstoke Road,9.12,10.1,7.6,13.3,0.0,19.1,1667,141,84.58308338332334
E01014507,Bristol 016A,Seymour Road,6.22,5.2,2.7,1.1,-1.0,44.4,1907,81,42.47509176717357
E01014508,Bristol 016B,Cricket Ground,8.71,5.3,4.0,1.2,0.9,33.8,1657,206,124.32106216053108
E01014509,Bristol 016C,Ashley Down,5.76,7.4,4.1,4.8,-0.6,26.5,2586,195,75.40603248259862
E01014510,Bristol 010A,Memorial Stadium,7.38,7.2,5.3,1.3,-0.2,35.2,2189,67,30.60758337140247
E01014511,Bristol 016D,Bishop Road,6.38,5.1,4.5,0.3,-0.6,38.1,1432,60,41.89944134078212
E01014512,Bristol 016E,Somerville Road,8.07,9.4,5.6,1.6,-0.4,40.3,1534,131,85.39765319426336
E01014513,Bristol 016F,St Bonaventures,3.25,3.2,2.8,0.1,-1.1,27.0,1627,37,22.741241548862938
E01014514,Bristol 016G,Radnor Road,15.75,7.9,8.2,3.9,0.4,38.6,2251,114,50.64415815193247
E01014515,Bristol 050A,Highridge Common,33.55,29.8,19.3,57.8,0.9,19.6,1518,166,109.3544137022398
E01014516,Bristol 050B,Four Acres,63.44,57.0,34.9,77.1,1.4,11.9,1491,179,120.05365526492287
E01014517,Bristol 050C,Sherrin Way,48.89,49.1,26.2,76.9,0.8,4.6,1299,149,114.7036181678214
E01014518,Bristol 046A,Ilchester Crescent,13.97,15.5,9.6,16.6,0.1,23.2,1797,110,61.213132999443516
E01014519,Bristol 046B,Bedminster Down,18.3,20.8,12.5,34.2,-0.3,18.3,1391,76,54.636951833213516
E01014520,Bristol 046C,Bridgwater Road,6.92,8.9,7.0,18.8,-0.9,12.5,1695,78,46.017699115044245
E01014521,Bristol 046D,Kings Head Park,16.28,16.3,11.5,24.1,0.3,12.1,1436,84,58.4958217270195
E01014522,Bristol 050D,Highridge,36.69,35.3,21.7,59.9,0.9,7.5,1863,123,66.02254428341385
E01014523,Bristol 038A,Allison Road,17.3,18.3,13.4,16.3,0.1,11.7,1649,109,66.1006670709521
E01014524,Bristol 038B,Birchwood Road,14.46,13.0,10.0,26.2,0.2,16.7,1656,102,61.594202898550726
E01014525,Bristol 038C,Manworthy Road,8.34,10.4,7.0,7.0,-0.6,27.9,1631,77,47.21030042918455
E01014526,Bristol 038D,Broomhill Road,35.6,38.7,22.3,54.9,0.4,16.9,1617,343,212.12121212121212
E01014527,Bristol 038E,School Road,20.73,19.0,14.1,13.4,0.4,37.8,1387,130,93.72746935832733
E01014528,Bristol 035A,Newbridge Road,13.12,14.5,9.2,9.8,0.0,27.5,1590,163,102.51572327044026
E01014529,Bristol 035B,St Annes Park,35.37,36.7,20.4,56.9,0.8,12.5,1481,145,97.90681971640782
E01014530,Bristol 035C,Wootton Road,14.8,17.1,10.6,13.8,0.1,10.1,1463,93,63.568010936431996
E01014531,Bristol 035D,Sandy Park Road,8.9,9.9,5.6,5.6,0.2,25.3,2106,167,79.29724596391263
E01014532,Bristol 035E,Sandholme Road,12.03,15.4,7.7,14.3,-0.3,25.3,1501,52,34.643570952698205
E01014533,Bristol 043A,Bath Road,12.84,12.3,7.4,8.1,0.4,40.6,1595,111,69.5924764890282
E01014534,Bristol 043B,Kensington Park,15.99,10.4,7.6,5.3,1.2,34.5,1664,182,109.375
E01014535,Bristol 043C,Callington Road,9.77,10.9,7.3,10.6,0.3,27.4,2020,523,258.91089108910893
E01014536,Bristol 043D,Hicks Gate,33.03,29.8,21.8,36.1,0.9,13.6,1658,298,179.73462002412546
E01014537,Bristol 035F,Eldonwall,17.89,23.1,12.2,22.5,-0.1,13.2,1827,97,53.092501368363436
E01014538,Bristol 060A,Woodland Road,8.08,3.7,1.7,3.4,-0.9,53.1,1961,89,45.385007649158595
E01014539,Bristol 025A,Kingsdown Parade,8.02,6.7,4.7,3.7,-0.3,43.3,1932,284,146.99792960662526
E01014544,Bristol 030A,Clifton Down,4.54,2.9,1.9,7.9,-1.0,33.5,1182,96,81.21827411167511
E01014545,Bristol 030B,Clifton College,4.74,5.0,3.2,3.4,-0.9,35.8,1848,79,42.748917748917755
E01014546,Bristol 030C,Clifton Central,6.11,2.9,2.7,3.9,-0.4,38.4,1576,130,82.48730964467005
E01014547,Bristol 030D,Clifton Village,4.64,4.0,2.9,1.4,-0.7,37.4,1672,68,40.66985645933014
E01014548,Bristol 034A,Hotwells,15.79,12.9,7.9,7.2,0.8,46.9,1634,150,91.79926560587515
E01014549,Bristol 034B,Cliftonwood,23.02,21.5,10.2,10.1,0.6,57.4,1125,106,94.22222222222221
E01014550,Bristol 034C,Hotwells East,4.46,3.7,3.2,1.6,-0.2,27.7,2235,117,52.348993288590606
E01014551,Bristol 026A,Oakfield Grove,11.21,6.1,2.8,8.8,-0.3,57.2,1777,157,88.35115362971301
E01014552,Bristol 026B,Alma Road,4.43,2.9,2.2,0.2,-0.9,36.0,1852,142,76.67386609071274
E01014553,Bristol 026C,Whatley Road,5.64,2.7,1.6,5.1,-0.4,39.8,1966,109,55.442522889114954
E01014554,Bristol 026D,Queens Road,8.45,5.9,2.8,11.0,0.2,38.8,1932,188,97.30848861283643
E01014555,Bristol 034D,Lower Clifton Hill,11.89,7.7,4.1,15.1,-0.4,37.7,2063,57,27.629665535627726
E01014556,Bristol 026E,Worral Road,6.4,5.6,3.8,0.9,-0.9,47.5,1836,86,46.84095860566448
E01014557,Bristol 022A,Cotham Park,6.54,4.3,3.6,0.7,-0.5,43.8,1687,81,48.01422643746295
E01014558,Bristol 022B,Cotham Hill,10.92,6.3,3.9,15.3,-0.2,46.9,1853,119,64.22018348623854
E01014559,Bristol 022C,Lower Redland Road,5.89,5.1,3.6,2.0,-0.9,42.7,2010,89,44.27860696517413
E01014560,Bristol 022D,Clyde Road,6.05,4.5,3.7,0.5,-0.6,42.4,1639,92,56.131787675411836
E01014561,Bristol 025C,Redland Grove,7.85,6.2,3.3,1.6,-0.7,52.5,1716,86,50.11655011655012
E01014562,Bristol 022E,Kensington Road,11.28,4.7,3.3,2.1,0.3,57.0,1686,53,31.43534994068802
E01014563,Bristol 025D,Cotham Brow,13.04,8.6,5.3,4.8,0.9,48.1,1885,152,80.63660477453581
E01014564,Bristol 055A,Chelsea Park,25.75,29.8,13.9,24.7,0.9,43.1,1906,174,91.2906610703043
E01014565,Bristol 029A,Gilbert Road,28.49,29.7,16.2,16.2,0.7,49.8,1765,154,87.25212464589235
E01014566,Bristol 029B,Church Road,27.14,24.2,12.2,28.9,0.7,45.7,1669,178,106.65068903535051
E01014567,Bristol 029C,Netham,21.7,19.3,12.1,19.3,0.7,47.2,1922,167,86.88865764828303
E01014568,Bristol 057A,St Marks Road,38.12,32.5,20.2,35.5,1.6,56.9,2639,385,145.88859416445624
E01014569,Bristol 057B,Robertson Road,27.15,23.6,14.7,27.6,0.9,53.1,2289,297,129.75098296199215
E01014570,Bristol 057C,Whitehall,16.99,19.0,10.4,15.1,0.1,38.7,2015,124,61.53846153846154
E01014571,Bristol 012A,Whitefield Fishponds,24.21,25.9,16.6,19.4,0.6,20.1,1746,256,146.6208476517755
E01014572,Bristol 019A,Fishponds Road,26.88,24.0,14.6,15.7,1.2,40.7,2046,272,132.94232649071358
E01014573,Bristol 019B,Upper Eastville,14.88,15.0,10.0,12.8,0.4,33.1,2014,164,81.42999006951341
E01014574,Bristol 057D,Greenbank,38.01,39.9,20.1,39.3,1.1,44.6,2310,358,154.97835497835496
E01014575,Bristol 019C,Eastville Park,30.15,28.6,17.7,26.2,1.2,41.9,1550,338,218.06451612903228
E01014576,Bristol 019D,Rose Green,18.54,20.3,13.0,18.9,0.6,20.9,2208,155,70.19927536231884
E01014577,Bristol 012B,Stapleton,11.13,11.3,6.8,15.7,-0.2,35.1,1688,106,62.796208530805686
E01014578,Bristol 044A,Wedmore Vale,29.97,33.0,19.2,42.2,0.7,13.4,1849,111,60.032449972958354
E01014579,Bristol 045A,Novers,27.28,28.4,17.3,33.0,0.6,16.9,1518,151,99.47299077733861
E01014580,Bristol 045B,Inns Court,62.52,50.8,36.5,77.2,1.4,16.4,1570,236,150.3184713375796
E01014581,Bristol 045C,Filwood Broadway,65.28,57.4,34.3,77.4,1.7,12.7,1623,365,224.89217498459644
E01014582,Bristol 045D,Leinster Avenue,45.84,49.2,26.7,67.4,0.8,10.0,1383,193,139.55169920462762
E01014583,Bristol 044B,Throgmorton Road,45.39,45.2,23.8,70.7,1.2,9.7,1848,167,90.36796536796535
E01014584,Bristol 045E,Glyn Vale,48.57,47.6,27.1,78.9,0.9,6.6,1476,124,84.01084010840108
E01014585,Bristol 044C,Ilminster Avenue West,60.44,61.1,28.3,78.4,1.4,11.8,1997,312,156.23435152729093
E01014586,Bristol 012C,Oldbury Court,18.29,17.5,12.6,25.0,0.5,15.1,1512,136,89.94708994708994
E01014587,Bristol 012D,Broomhill,22.11,21.1,13.7,25.8,0.4,17.8,1846,119,64.46370530877574
E01014588,Bristol 013A,Blackberry Hill,22.95,21.6,14.5,21.7,0.9,17.5,2570,548,213.22957198443578
E01014589,Bristol 013B,Gill Avenue,52.58,54.6,32.5,49.5,1.1,8.9,1601,148,92.4422236102436
E01014590,Bristol 013C,Fishponds,20.88,22.2,12.2,21.6,1.0,20.4,2436,460,188.8341543513957
E01014591,Bristol 013D,Downend West,11.58,15.0,10.0,12.2,0.0,11.1,1987,93,46.804227478610976
E01014592,Bristol 013E,Staple Hill Road North,17.41,19.2,11.6,14.8,0.1,29.7,1743,201,115.3184165232358
E01014593,Bristol 051A,Fulford Road North,68.21,64.7,38.5,77.6,1.8,4.4,1559,216,138.55035279025014
E01014594,Bristol 048A,Whitchurch Lane,65.46,60.8,37.8,73.4,1.7,12.7,1690,370,218.93491124260356
E01014595,Bristol 051B,Withywood,37.8,35.7,24.2,54.3,1.1,11.9,1457,206,141.38641043239534
E01014596,Bristol 051C,Fair Furlong,47.95,44.9,27.6,69.7,1.2,6.6,1638,215,131.25763125763126
E01014597,Bristol 051D,Bishport Avenue West,55.88,45.5,33.0,78.8,1.6,6.9,1409,252,178.85024840312278
E01014598,Bristol 048B,Imperial Park,6.93,6.7,4.4,13.6,0.4,10.6,2217,390,175.91339648173206
E01014599,Bristol 048C,Headley Park,11.48,11.7,7.6,23.7,0.1,20.8,1298,83,63.94453004622497
E01014600,Bristol 048D,Whitchurch Road,23.82,22.7,13.8,37.0,0.7,18.1,1496,121,80.88235294117648
E01014601,Bristol 001A,Brentry West,23.95,27.6,16.0,29.0,0.3,9.0,1872,214,114.31623931623932
E01014602,Bristol 001B,Henbury,34.83,36.2,21.6,43.0,1.2,14.3,2017,290,143.77788795240457
E01014603,Bristol 001C,Brentry East,19.14,23.5,14.2,23.4,0.2,3.2,2655,176,66.29001883239172
E01014605,Bristol 001E,Crow Lane,53.76,49.6,30.1,58.2,1.4,16.9,1842,325,176.4386536373507
E01014607,Bristol 047A,Hengrove Park,21.63,23.0,10.6,26.4,1.5,8.5,1746,345,197.59450171821305
E01014608,Bristol 047B,Hengrove West,36.3,37.0,23.1,46.8,1.1,9.2,1837,239,130.10342950462712
E01014609,Bristol 047C,Two Acres,28.75,27.8,16.7,47.9,0.7,12.9,1829,122,66.70311645708037
E01014610,Bristol 047D,Wharnecliffe Gardens,34.07,33.9,18.9,50.7,0.8,10.2,1561,98,62.780269058295964
E01014611,Bristol 052A,Fortfield West,15.35,16.7,13.5,19.0,0.2,9.7,1469,131,89.17631041524847
E01014612,Bristol 052B,Fortfield East,20.83,23.6,14.1,33.3,0.4,12.0,1535,72,46.90553745928339
E01014613,Bristol 047E,Hengrove Lane,14.13,14.9,9.1,21.8,0.0,24.4,1564,85,54.34782608695652
E01014614,Bristol 047F,Hengrove East,13.43,14.4,10.3,21.4,0.1,10.1,1396,100,71.63323782234957
E01014615,Bristol 011A,Golden Hill,1.95,4.3,4.0,0.5,-1.4,15.2,1601,101,63.08557151780138
E01014616,Bristol 006A,Henleaze West,6.43,6.2,5.4,0.7,-0.9,41.7,1544,274,177.46113989637306
E01014617,Bristol 011B,West Broadway,1.3,2.8,2.8,0.3,-1.2,9.6,1410,48,34.04255319148936
E01014618,Bristol 011C,Henleaze North,2.41,1.6,3.4,0.1,-0.8,20.1,1654,65,39.29866989117291
E01014619,Bristol 017A,North View,7.36,5.5,5.7,0.6,-0.8,50.2,1494,72,48.19277108433735
E01014620,Bristol 011D,Henleaze South,2.96,3.2,5.1,0.5,-1.2,23.5,1681,56,33.31350386674598
E01014621,Bristol 017B,Westbury Park North,8.14,7.9,6.3,0.8,-0.9,44.6,1520,76,50.0
E01014622,Bristol 021A,Hillfields West,24.07,25.5,15.1,21.7,0.5,39.0,1805,149,82.54847645429362
E01014623,Bristol 021B,Mayfield Park,20.81,21.8,12.4,25.3,0.4,28.3,1816,153,84.2511013215859
E01014624,Bristol 018A,Lodge Hill,24.14,28.4,15.4,38.9,0.0,12.8,1790,92,51.39664804469274
E01014626,Bristol 021C,Speedwell,28.92,32.8,16.2,32.2,1.0,13.4,2790,321,115.05376344086021
E01014627,Bristol 021D,Chester Park,18.59,18.9,10.5,32.2,0.3,22.5,2227,264,118.54512797485405
E01014629,Bristol 018D,Hillfields North,29.47,34.1,17.3,40.5,0.5,12.0,1540,89,57.79220779220779
E01014630,Bristol 005A,Sheridan Road,38.26,39.7,18.6,44.8,1.0,7.9,2196,188,85.61020036429873
E01014631,Bristol 004A,Monks Park,19.91,18.4,12.2,9.5,0.5,14.1,1237,281,227.16248989490703
E01014632,Bristol 004B,Filton Road,17.42,19.7,10.6,12.6,-0.1,12.1,2199,372,169.16780354706685
E01014633,Bristol 004C,Manor Farm,9.97,11.6,7.6,7.5,0.1,17.9,1879,161,85.68387440127727
E01014634,Bristol 005B,Keys Avenue,9.02,8.6,4.7,3.7,-0.1,27.4,1816,130,71.58590308370044
E01014635,Bristol 010B,Wessex Avenue,9.55,9.1,5.4,4.9,0.3,30.0,2073,197,95.03135552339604
E01014636,Bristol 004D,Horfield Common,30.57,29.6,21.2,29.2,1.1,18.0,1632,240,147.05882352941177
E01014637,Bristol 010C,Wellington Hill,10.77,5.7,4.4,1.1,0.5,49.6,1652,145,87.772397094431
E01014638,Bristol 003C,Lawrence Weston Parade,53.97,45.2,27.3,71.4,1.6,15.6,1885,493,261.53846153846155
E01014639,Bristol 003D,Lawrence Weston South,60.16,57.3,35.0,72.1,1.3,10.4,1603,213,132.87585776668746
E01014640,Bristol 003E,Lawrence Weston East,34.28,36.1,20.4,49.8,0.7,10.7,1651,216,130.8298001211387
E01014641,Bristol 007A,Coombe Dingle East,14.04,15.7,11.0,20.6,0.0,10.2,1523,129,84.70124753775443
E01014642,Bristol 007B,Coombe Dingle West,13.15,15.0,9.8,12.6,0.1,12.3,1499,90,60.04002668445631
E01014643,Bristol 007C,Sea Mills South,38.23,36.0,23.1,48.1,1.2,22.2,1416,179,126.41242937853106
E01014644,Bristol 007D,Sea Mills North,25.59,29.1,15.6,41.4,0.6,6.0,1684,129,76.60332541567696
E01014645,Bristol 042A,Red Lion Hill,18.61,17.3,13.1,18.1,0.6,23.4,1663,85,51.11244738424534
E01014646,Bristol 042B,Knowle Park,23.05,25.4,16.2,36.3,0.5,10.2,1804,137,75.94235033259423
E01014647,Bristol 044D,Ilminster Avenue East,43.8,44.5,23.9,73.1,1.0,9.7,1789,175,97.82001117942984
E01014648,Bristol 042C,Upper Knowle,12.9,9.6,8.2,3.6,0.3,50.0,1725,120,69.56521739130434
E01014649,Bristol 042D,Redcatch,8.96,7.1,8.1,2.9,-0.3,40.1,1772,61,34.42437923250564
E01014650,Bristol 044E,Broadwalk,20.99,20.2,13.7,35.5,0.5,12.1,1662,145,87.24428399518652
E01014651,Bristol 042E,Talbot Hill,7.31,7.1,5.1,2.1,-0.3,39.1,1784,79,44.28251121076234
E01014653,Bristol 055B,Easton Road,59.94,60.7,31.9,53.3,1.4,45.0,2748,509,185.22561863173217
E01014654,Bristol 056A,St Judes,46.92,48.1,24.1,51.1,1.5,42.2,2590,674,260.2316602316602
E01014655,Bristol 055C,Stapleton Road,42.43,41.9,22.2,34.6,1.5,54.0,2639,352,133.38385752178854
E01014658,Bristol 056B,St Philips,54.81,61.6,30.7,57.8,0.7,21.7,2511,403,160.49382716049382
E01014659,Bristol 005C,Filton Avenue North,36.59,39.7,18.8,40.5,0.8,11.1,2188,278,127.05667276051189
E01014660,Bristol 014A,Lockleaze North,33.05,30.8,19.4,37.8,0.8,4.3,2233,299,133.90058217644423
E01014661,Bristol 005D,Filton Avenue South,27.75,31.9,15.7,38.0,0.4,16.0,1795,137,76.32311977715878
E01014662,Bristol 010D,Horfield Sports Ground,17.07,22.4,10.1,17.2,-0.2,24.1,1686,130,77.1055753262159
E01014663,Bristol 014B,Lockleaze South,37.01,38.3,22.3,43.3,1.0,9.8,1627,229,140.7498463429625
E01014664,Bristol 014C,Muller Road,31.11,32.0,15.2,25.4,1.4,21.7,1741,423,242.96381390005746
E01014665,Bristol 014D,Eastgate,19.83,19.3,10.6,22.4,0.7,42.2,2189,813,371.40246687985376
E01014666,Bristol 017C,Cranbrook Road,2.77,3.5,3.9,0.7,-1.4,23.8,1919,38,19.801980198019802
E01014667,Bristol 017D,Westbury Park South,4.33,3.6,2.5,0.3,-1.4,38.0,1704,58,34.03755868544601
E01014668,Bristol 020C,Berkeley Road South,5.93,3.2,2.9,0.2,-0.2,42.4,1638,152,92.7960927960928
E01014669,Bristol 020D,Redland Court Road,5.9,5.8,4.4,1.5,-0.8,39.9,1641,57,34.73491773308958
E01014670,Bristol 020E,Zetland Road,10.45,3.7,4.8,0.4,0.0,60.9,1543,44,28.515878159429683
E01014671,Bristol 020F,St Andrews Park,13.9,6.5,4.7,0.9,0.9,59.2,1738,129,74.22324510932106
E01014672,Bristol 017E,Manor Park,5.99,6.1,4.6,1.1,-0.9,36.2,2183,96,43.9761795693999
E01014673,Bristol 027A,Two Mile Hill East,22.02,22.0,12.0,26.4,0.5,30.3,1929,172,89.16537065837221
E01014675,Bristol 027C,Two Mile Hill West,18.22,18.0,9.5,20.4,0.5,33.6,1738,146,84.00460299194476
E01014676,Bristol 027D,Kingsway,22.45,22.9,15.5,28.5,0.3,18.1,1549,110,71.0135571336346
E01014677,Bristol 033A,Crews Hole,8.74,11.1,5.6,7.5,-0.3,16.6,1527,66,43.222003929273086
E01014678,Bristol 033B,Nags Head Hill,15.28,14.6,11.6,15.1,0.0,30.8,1690,149,88.16568047337279
E01014679,Bristol 033C,Bryants Hill,12.38,11.6,8.4,24.4,-0.2,22.2,1610,76,47.204968944099384
E01014680,Bristol 033D,Conham Valley,8.62,8.6,7.5,15.8,-0.8,17.6,1315,35,26.61596958174905
E01014681,Bristol 029D,Redfield,23.7,20.7,12.3,22.8,0.8,42.1,2576,424,164.59627329192548
E01014682,Bristol 028A,West St George,20.54,18.8,10.7,14.5,1.0,35.7,1740,131,75.28735632183908
E01014683,Bristol 028B,Clouds Hill,27.73,27.8,16.9,20.0,0.8,33.6,1869,162,86.67736757624398
E01014684,Bristol 029E,St Georges Park,23.01,19.5,12.3,12.6,1.1,39.4,1951,219,112.25012813941568
E01014685,Bristol 028C,Whiteway,33.61,35.3,20.0,50.0,0.4,15.3,1665,99,59.45945945945946
E01014686,Bristol 028D,Plummers Hill,18.62,20.9,13.5,22.9,0.0,16.8,1874,103,54.96264674493063
E01014687,Bristol 028E,East St George,22.99,21.9,12.9,23.8,0.5,32.0,1562,197,126.12035851472473
E01014688,Bristol 002A,Trymside,38.15,39.1,20.1,51.9,1.0,13.2,1899,154,81.09531332280147
E01014689,Bristol 002B,Southmead Central,58.3,54.5,26.3,78.9,1.8,14.7,1636,597,364.91442542787286
E01014690,Bristol 002C,Southmead East,28.84,29.3,16.1,37.9,0.7,6.0,2282,138,60.473269062226116
E01014691,Bristol 002D,Southmead West,30.54,30.5,21.0,31.7,0.7,9.9,2042,154,75.41625857002938
E01014692,Bristol 002E,Fonthill,33.9,34.3,17.5,39.6,0.5,13.5,1762,91,51.64585698070375
E01014693,Bristol 002F,Charlton Mead,7.07,7.3,6.1,12.3,-1.2,6.9,1418,75,52.89139633286319
E01014694,Bristol 002G,Southmead North,31.23,32.6,20.0,38.9,0.6,7.6,1735,138,79.53890489913545
E01014695,Bristol 036A,Bower Ashton,23.55,22.0,15.5,8.6,1.0,28.1,2078,313,150.62560153994227
E01014696,Bristol 036B,Hamilton Road,6.08,7.6,4.2,0.6,-0.2,33.5,1872,188,100.42735042735043
E01014698,Bristol 036C,Stackpool Road,7.79,9.4,4.3,1.6,-0.5,40.4,1957,79,40.3679100664282
E01014699,Bristol 036D,Coronation Road West,19.16,19.5,11.2,7.7,0.7,39.0,1606,216,134.49564134495643
E01014700,Bristol 036E,Ashton,6.22,5.8,6.0,3.3,-0.3,28.3,1655,174,105.13595166163142
E01014701,Bristol 036F,Coronation Road East,11.11,9.4,6.5,2.6,-0.1,42.5,1871,75,40.08551576696953
E01014702,Bristol 049A,Stockwood Lane North,10.07,12.1,7.7,16.1,-0.3,9.1,1478,57,38.56562922868741
E01014703,Bristol 049B,Burnbush Hill,36.42,34.7,23.3,45.6,0.9,12.4,1544,152,98.44559585492229
E01014704,Bristol 049C,Woodleigh Gardens,18.63,23.5,13.8,24.3,0.5,10.9,1871,180,96.2052378407269
E01014705,Bristol 049D,The Coots,8.42,14.5,6.5,12.8,-0.7,9.1,1366,62,45.387994143484626
E01014706,Bristol 049E,Burnbush,50.1,41.2,27.5,70.3,1.5,9.9,1378,436,316.40058055152394
E01014707,Bristol 049F,Stockwood Lane South,16.79,14.7,12.6,30.6,0.4,9.2,1614,76,47.08798017348203
E01014708,Bristol 049G,Hazelbury,12.33,13.2,10.3,16.8,-0.1,15.5,1897,126,66.42066420664207
E01014709,Bristol 015A,Sneyd Park and the Downs,8.33,3.8,2.4,2.0,0.6,38.6,1289,256,198.60356865787432
E01014710,Bristol 015B,Rockleaze,3.53,2.2,1.7,3.2,-1.1,28.6,1611,64,39.72687771570453
E01014711,Bristol 015C,Stoke Bishop North,3.5,4.4,6.3,0.2,-0.7,11.0,1350,102,75.55555555555556
E01014712,Bristol 015D,Stoke Bishop South,9.73,12.4,8.6,4.3,0.0,13.7,1290,72,55.81395348837209
E01014713,Bristol 015E,Old Sneed Park,3.63,3.2,4.4,0.9,-1.2,19.6,1370,38,27.737226277372265
E01014714,Bristol 015F,University Halls,2.06,0.9,0.7,0.3,-1.9,21.1,3665,48,13.096862210095498
E01014715,Bristol 009A,Canford Park,2.59,4.0,3.6,0.3,-0.7,18.8,1733,54,31.159838430467396
E01014716,Bristol 009B,Canford Lane,2.17,2.6,2.7,0.3,-1.1,14.6,1575,34,21.58730158730159
E01014717,Bristol 009C,Elmlea,3.19,3.9,3.8,0.2,-2.1,26.3,1708,28,16.393442622950822
E01014718,Bristol 009D,Henbury Hill,2.54,5.1,2.8,0.5,-1.4,14.3,1567,38,24.250159540523292
E01014719,Bristol 006B,Westbury Village,7.07,5.9,5.7,0.5,-0.2,41.1,1469,192,130.7011572498298
E01014720,Bristol 006C,Lake Road,16.83,19.5,13.5,8.2,0.1,20.8,1615,106,65.63467492260062
E01014721,Bristol 006D,Westbury North,6.58,10.6,8.9,0.6,-0.7,16.8,1743,179,102.69650028686173
E01014722,Bristol 052C,Tanorth Road,9.95,11.6,8.7,16.2,-0.3,12.9,1589,70,44.05286343612335
E01014723,Bristol 052D,Court Farm Road,7.29,7.8,6.4,15.8,-0.7,11.3,1382,113,81.76555716353111
E01014725,Bristol 052E,Whitchurch,4.69,7.5,5.9,11.5,-0.9,3.9,1472,24,16.304347826086957
E01014726,Bristol 053B,Hareclive,70.55,61.3,38.9,85.6,2.2,6.7,1692,504,297.8723404255319
E01014727,Bristol 053C,Bishport Avenue East,59.97,56.3,32.8,80.5,1.6,7.2,1593,332,208.41180163214062
E01014729,Bristol 040A,Marksbury Road,35.75,40.6,18.6,55.2,1.0,10.3,1832,156,85.1528384279476
E01014730,Bristol 037A,Lower Totterdown,23.95,22.7,11.9,10.7,1.1,36.5,1656,173,104.46859903381643
E01014731,Bristol 037B,Upper Totterdown,21.4,19.0,11.2,21.9,0.3,41.2,1589,78,49.08747640025173
E01014732,Bristol 037C,Wells Road,16.15,13.7,9.7,5.8,0.2,48.7,1690,65,38.46153846153847
E01014733,Bristol 040B,Windmill Hill West,10.35,15.1,6.4,6.4,-0.1,33.7,1848,90,48.701298701298704
E01014734,Bristol 040C,Windmill Hill East,14.22,14.9,8.7,5.1,0.4,46.1,1660,72,43.373493975903614
E01014735,Bristol 037D,Victoria Park,10.21,10.4,7.2,5.9,-0.1,36.0,1810,108,59.668508287292816
E01014736,Bristol 040D,St Johns Lane,21.55,26.5,12.0,30.4,0.5,21.6,2147,193,89.89287377736377
E01032514,Bristol 053E,Bishport Avenue,72.0,64.9,40.3,86.9,2.1,8.7,2132,395,185.2720450281426
E01032515,Bristol 053F,Whitchurch Park West,64.31,63.4,38.7,67.3,1.3,10.9,2325,520,223.65591397849462
E01032516,Bristol 001G,Blaise,20.75,21.2,13.5,24.5,1.2,15.2,1999,192,96.048024012006
E01032517,Bristol 001H,Crow Lane South,29.86,33.5,19.8,34.5,0.9,11.3,1846,227,122.96858071505959
E01032518,Bristol 018E,East Hillfields,39.29,42.9,25.7,46.3,0.7,14.2,2081,169,81.21095627102355
E01032519,Bristol 018F,Staple Hill Road South,13.61,16.7,8.5,16.5,-0.1,31.0,1241,65,52.377115229653505
E01033342,Bristol 025E,St James Barton,21.36,12.7,5.5,12.2,1.8,27.1,2220,1612,726.1261261261261
E01033344,Bristol 060D,Brandon Hill,13.65,10.2,5.3,7.0,0.9,29.8,2087,515,246.7656923814087
E01033347,Bristol 059D,St Pauls Portland Square,18.0,11.6,7.5,28.6,1.1,27.3,2880,672,233.33333333333334
E01033348,Bristol 059C,St Pauls City Road,36.67,32.8,15.8,34.6,2.0,34.0,1209,257,212.57237386269645
E01033350,Bristol 061D,Spike Island,13.99,12.3,8.0,14.6,0.6,20.0,1135,165,145.37444933920705
E01033352,Bristol 054A,The Dings,20.93,23.6,8.7,18.2,0.5,24.6,1834,380,207.19738276990185
E01033353,Bristol 054B,Old Market and Temple Meads,21.21,13.7,8.2,27.7,0.6,30.0,2279,672,294.8661693725318
E01033356,Bristol 056C,Barton Hill,53.99,57.2,26.0,55.4,0.9,28.7,1701,220,129.33568489124045
E01033358,Bristol 054D,Cabot Circus,52.79,47.9,23.6,52.5,1.6,35.4,2609,1015,389.0379455730165
E01033359,Bristol 039E,Bedminster East,33.87,26.7,14.9,17.1,1.7,31.8,1739,768,441.6331224841863
E01033361,Bristol 039F,Bedminster West,33.66,27.6,17.4,17.7,1.8,30.9,1470,399,271.4285714285714
E01033362,Bristol 039G,West Street East,23.7,18.8,10.7,16.5,0.5,26.7,1295,202,155.98455598455598
E01033364,Bristol 039H,West Street West,15.16,12.4,7.5,18.4,0.5,37.4,1798,121,67.29699666295883
E01033366,Bristol 059B,St Pauls Grosvenor Road,40.91,46.5,22.3,42.0,1.2,26.6,1562,136,87.06786171574905
E01033367,Bristol 025F,Stokes Croft West,45.55,36.9,23.3,19.6,2.5,47.2,1432,461,321.92737430167597
E01033369,Bristol 056D,Newtown,47.51,54.7,25.9,50.9,0.9,34.7,1468,220,149.86376021798364
E01033370,Bristol 054E,Redcliffe South,55.45,47.4,28.5,54.5,1.7,40.2,1373,281,204.6613255644574
E01033902,Bristol 054F,Redcliffe Quays,13.99,12.0,10.0,11.9,0.1,30.2,1387,242,174.47728911319393
E01033903,Bristol 054G,Redcliffe Temple,22.44,26.1,11.1,8.4,0.2,24.8,1478,295,199.59404600811908
E01033904,Bristol 060B,St Michaels Hill,11.18,4.0,1.6,5.9,0.1,39.0,2628,720,273.972602739726
E01033905,Bristol 060C,Park Row,12.54,2.9,1.4,9.3,1.0,44.6,1522,637,418.52825229960575
E01033906,Bristol 060E,Canons Marsh,6.29,6.1,3.3,5.8,0.5,7.7,1150,8,6.9565217391304355
E01033907,Bristol 061A,Castle Park,26.29,9.1,5.5,27.7,2.0,37.6,2240,2422,1081.25
E01033908,Bristol 061B,Queens Square,18.56,3.9,3.4,13.5,1.6,33.3,1518,845,556.6534914361001
E01033909,Bristol 061C,The Centre,12.68,2.2,1.7,5.1,1.7,32.4,2294,1213,528.7707061900611
E01033910,Bristol 061E,Bathurst Basin,24.23,27.0,12.9,27.5,1.4,23.6,1466,334,227.83083219645292
E01014496,Bristol 008E,Avonmouth Docks,29.05,23.2,11.6,55.4,-0.2,32.8,2030,368,181.2807881773399
E01014498,Bristol 003B,Kingsweston Avenue,35.55,43.3,22.4,46.5,0.0,19.9,1614,406,251.54894671623296
