OBJECTID,LSOA21CD,LSOA21NM,LSOA21LN,IMDScore,IMDRank,IMDDecile,IMDpRank,IMDBrisRank,IMDBrisDecile,Income,IncomeRank,IncomeDecile,Employment,EmploymentRank,EmploymentDecile,EducationSkillsTrainingScore,EducationSkillsTrainingRank,EducationSkillsTrainingdecile,HealthDisabilityScore,HealthDisabilityRank,HealthDisabilityDecile,CrimeScore,CrimeRank,CrimeDecile,BarriersHousingServicesScore,BarriersHousingServicesRank,BarriersHousingServicesDecile,LivingEnvironmentScore,LivingEnvironmentRank,LivingEnvironmentDecile,IDACI,IDACIRank,IDACIDecile,IDAOPI,IDAOPIRank,IDAOPIDecile,SUBCYPScore,SUBCYPRank,SUBCYPDecile,SUBSkillsScore,SUBSkillsRank,SUBSkillsDecile,SUBGeogBarriersScore,SUBGeogBarriersRank,SUBGeogBarriersDecile,SUBWiderBarriersScore,SUBWiderBarriersRank,SUBWiderBarriersDecile,SUBIndoorsScore,SUBIndoorsRank,SUBIndoorsDecile,SUBOutdoorsScore,SUBOutdoorsRank,SUBOutdoorsDecile,POP2022Total,POP2022Children,POP2022Older,POP2022WAP,ShapeSTArea,ShapeSTLength
1,E01014674,Bristol 027B,Burchells Green,22.04,13117,4,38.86,109,5,24.9,12349,4,14.1,12357,4,32.1,8117,3,0.3,12792,4,0.3,12634,4,17.9,20053,6,17.9,16838,5,42.1,11073,4,18.2,14436,5,0.9,5715,2,0.3,11233,4,24,25594,8,1.8,9051,3,0.1,13753,5,-0.2,19392,6,1749,344,311,1177,228209.82050645,3550.00741876125
2,E01014485,Bristol 058A,Mina Road,21.1,13840,5,41,117,5,22.1,14170,5,11.1,16802,5,22.6,12719,4,0.1,14928,5,0.3,11822,4,11,29186,9,48.5,2551,1,39,12412,4,27.6,9098,3,1,4753,2,0.1,31220,10,19,29232,9,0.2,14725,5,0.9,3484,2,0.9,4292,2,1975,331,263,1459,274550.01289955,3443.81458666763
3,E01014486,Bristol 058C,St Agnes,35.23,6091,2,18.04,53,2,32.8,8208,3,19,7478,3,25.5,11107,4,0.9,5723,2,1.4,1620,1,16.4,22168,7,46.8,2924,1,45.7,9648,3,49.5,2563,1,0.8,6055,2,0.2,19171,6,16,30801,10,1.9,8516,3,0.8,4490,2,1,3111,1,2759,413,264,2154,276068.717460095,4333.46928992171
4,E01014487,Bristol 020A,Cromwell Road,8.32,27085,9,80.24,215,8,7.7,29106,9,5.5,29306,9,1,32877,10,-0.8,27320,9,-0.1,18484,6,11.3,28773,9,43.8,3714,2,7.9,31608,10,12,19702,6,-1.2,31114,10,0.1,33663,10,17.4,30120,9,0.5,13850,5,0.9,2990,1,0.2,12288,4,2038,236,237,1626,193619.2204472,2890.46479213348
5,E01014488,Bristol 058B,Upper Montpelier,17.9,16452,5,48.74,141,6,21.4,14679,5,12.9,13925,5,11,21721,7,-0.1,17157,6,0.4,10430,4,10.1,30067,9,33.4,7665,3,38.1,12801,4,23.6,11157,4,0.2,13216,4,0.1,32405,10,16.9,30398,10,0.1,15315,5,0.7,5669,2,0.1,14659,5,2108,336,259,1594,188047.9322222,2754.12536009241
6,E01014489,Bristol 059A,Lower Montpelier,27.15,9802,3,29.04,84,4,25.6,11905,4,15.1,11195,4,23.4,12222,4,0.6,8322,3,1.2,2378,1,13.6,26040,8,33.5,7593,3,46.8,9188,3,52.3,2124,1,1,4303,2,0.1,31645,10,13.6,31709,10,1.3,10725,4,0.5,7390,3,0.5,7875,3,2550,288,192,2139,171652.47795916,2699.48030970355
7,E01014491,Bristol 020B,Ashley Hill,10.1,24861,8,73.65,196,8,9.2,27153,9,7.1,25328,8,4.4,28956,9,-0.6,25721,8,0.1,15131,5,10.8,29341,9,42,4267,2,12.9,28376,9,10.6,21291,7,-0.4,23085,7,0.1,33511,10,20.5,28263,9,0.1,15456,5,0.9,3332,1,0.1,12958,4,2007,351,262,1454,318834.17141395,3950.41206315635
8,E01014492,Bristol 008A,Shirehampton Centre,37.66,5237,2,15.51,42,2,36.4,6640,2,21.5,5632,2,60.3,1541,1,0.8,6216,2,0.8,5856,2,20.2,16729,5,18.8,16161,5,52.1,7246,3,25.5,10152,4,2.1,209,1,0.3,9051,3,30,19869,6,1.6,9483,3,0.1,14228,5,0,15696,5,1670,313,476,987,570178.089392925,7008.6994370654
9,E01014493,Bristol 008B,Barrow Hill,33.66,6691,2,19.82,60,3,30.8,9121,3,19.4,7124,3,47.6,3707,2,1,4993,2,0.9,4822,2,16.4,22176,7,24.6,12317,4,38.3,12746,4,35.2,6182,2,1.3,2387,1,0.3,6168,2,30.4,19404,6,0.5,13664,5,0.1,13512,5,0.5,7378,3,1630,371,297,1053,267838.074670775,4362.3601174176
10,E01014494,Bristol 008C,Shirehampton Portway,11.69,22941,7,67.96,183,7,11.9,23495,7,7.9,23307,7,14.8,18322,6,-0.4,22300,7,0,16065,5,16.4,22264,7,27.4,10744,4,21,22271,7,8.6,23916,8,-0.1,17601,6,0.2,17491,6,33,16752,5,0,15920,5,0.5,7623,3,-0.2,18441,6,1565,256,428,1010,833050.18425926,6329.91613093878
11,E01014495,Bristol 008D,Woodwell Road,18.64,15825,5,46.88,130,5,19,16413,5,12.8,14097,5,24.5,11635,4,0.2,13295,4,0.1,15368,5,16.4,22197,7,22.9,13294,4,27.8,18009,6,16.5,15538,5,0.5,9198,3,0.2,13948,5,29.9,19932,6,0.6,13312,4,0.3,10227,4,-0.1,18348,6,1802,333,464,1118,396332.16347845,4442.29625343655
12,E01014497,Bristol 003A,Lawrence Weston West,38.71,4939,2,14.63,35,2,40.2,5256,2,21.2,5894,2,55.8,2208,1,0.8,6941,3,1.1,3601,2,24.2,11783,4,15.5,18705,6,60.1,4713,2,26.8,9511,3,1.6,1343,1,0.4,4666,2,34.8,14879,5,1.8,8857,3,-0.1,17860,6,0,15122,5,1742,425,253,1105,621967.104950925,4939.70242507112
13,E01014499,Bristol 008F,Avonmouth Village,31.01,7806,3,23.13,67,3,28.7,10212,4,18.4,7937,3,48.7,3484,2,0.9,5303,2,0.1,14773,5,19.7,17415,6,26.7,11160,4,39.9,12014,4,23.5,11185,4,1.3,2298,1,0.3,5748,2,34.4,15336,5,0.7,12906,4,0,16370,5,1,3325,1,1676,358,383,1027,1612491.94086535,9926.99807880972
14,E01014500,Bristol 039A,Parson Street,14.24,20141,6,59.67,161,6,13.9,21299,7,7.7,23871,8,13.8,19141,6,0.1,15562,5,0.3,11697,4,12.3,27705,9,36,6491,2,25.4,19404,6,14.5,17221,6,0.1,14897,5,0.2,22486,7,20.7,28157,9,0.5,13650,5,0.6,6259,2,0.5,7910,3,1872,238,345,1379,252891.26668115,4053.45751762877
15,E01014501,Bristol 041A,Ashton Vale,28.55,9010,3,26.69,78,3,28.8,10201,4,18.5,7873,3,56.6,2099,1,0.7,7261,3,0,16175,5,13.5,26145,8,6.4,27781,9,39.2,12326,4,24.4,10710,4,2,388,1,0.3,9861,3,32.1,17566,6,-0.8,19641,6,-0.3,23104,7,-1.1,31730,10,2148,408,531,1323,883397.28465299,5402.6005113262
16,E01014502,Bristol 039B,Bedminster Road,24.52,11419,4,33.83,90,4,27.5,10831,4,14.6,11841,4,35.8,6799,3,0.6,9046,3,0.6,8334,3,11.5,28573,9,17.4,17191,6,52.2,7230,3,27.2,9294,3,1.2,3095,1,0.2,14325,5,22.4,26847,8,0.1,15302,5,-0.1,18030,6,0.3,11070,4,2033,327,381,1437,296034.846856525,3849.06487330194
17,E01014504,Bristol 041B,Luckwell Road,8.18,27237,9,80.69,216,9,6.6,30512,10,4.6,31277,10,3.6,29860,9,-0.4,22116,7,-0.7,26410,8,8.4,31481,10,46.7,2952,1,9.8,30508,10,8.7,23823,8,-0.6,25214,8,0.1,32844,10,20,28635,9,-0.7,18853,6,1,2082,1,-0.1,16807,5,1578,268,243,1126,131668.241363075,3299.61369420206
18,E01014505,Bristol 041C,Chessel Street,9.77,25237,8,74.77,201,8,8.7,27811,9,4.3,31862,10,7.8,25002,8,-0.2,20006,6,-0.4,22412,7,9,31023,10,46.6,2974,1,9.1,30989,10,23,11479,4,-0.1,17318,6,0.1,32932,10,18.8,29345,9,-0.4,17499,6,1.1,1620,1,-0.7,27612,9,1797,258,205,1404,124415.263271575,2431.35680946657
19,E01014506,Bristol 041D,Winterstoke Road,9.12,26058,8,77.2,204,8,10.1,25908,8,7.6,23982,8,13.3,19559,6,-0.4,22288,7,0,16946,6,6.8,32612,10,19.1,15934,5,18.5,24116,8,5.4,29335,9,-0.1,18019,6,0.2,19448,6,24.1,25520,8,-1.9,24565,8,0.2,12226,4,-0.3,21339,7,1667,346,362,1060,606960.639777975,5725.73018375794
20,E01014507,Bristol 016A,Seymour Road,6.22,29507,9,87.42,238,9,5.2,31921,10,2.7,33426,10,1.1,32743,10,-0.9,28288,9,-1,29711,9,12,28074,9,44.4,3562,2,5.6,32687,10,11.8,19932,6,-1.2,30787,10,0,33671,10,19,29243,9,0.5,13490,4,0.9,3023,1,0.3,11098,4,1907,370,199,1405,136390.426810675,2917.21078022831
21,E01014508,Bristol 016B,Cricket Ground,8.71,26572,8,78.72,209,8,5.3,31808,10,4,32282,10,1.2,32595,10,-0.6,25642,8,0.9,5315,2,10.7,29494,9,33.8,7469,3,3.8,33320,10,7.7,25258,8,-1.2,31199,10,0.1,32762,10,19.2,29129,9,0.1,15190,5,0.6,5781,2,0.1,13236,4,1657,266,223,1247,183153.599587935,3753.89041819947
22,E01014509,Bristol 016C,Ashley Down,5.76,30029,9,88.96,246,10,7.4,29481,9,4.1,32030,10,4.8,28436,9,-0.8,27073,9,-0.6,25864,8,15.2,23836,8,26.5,11214,4,12.1,28969,9,9.6,22557,7,-0.4,22144,7,0.1,33545,10,21.7,27441,9,1.3,10707,4,0.2,12824,4,0.7,6207,2,2586,422,197,2011,295084.171765415,4018.66347337753
23,E01014510,Bristol 010A,Memorial Stadium,7.38,28206,9,83.56,223,9,7.2,29814,9,5.3,29924,9,1.3,32515,10,-0.4,21798,7,-0.2,19778,6,10.2,30002,9,35.2,6840,3,7.6,31764,10,11.2,20607,7,-1.1,30637,10,0.1,33157,10,20.6,28229,9,-0.1,16410,5,0.6,6586,2,0.5,7953,3,2189,415,238,1589,237936.2554945,3361.50802683658
24,E01014511,Bristol 016D,Bishop Road,6.38,29323,9,86.87,235,9,5.1,32046,10,4.5,31456,10,0.3,33603,10,-0.4,22348,7,-0.6,24907,8,8.5,31395,10,38.1,5656,2,5.1,32909,10,6.5,27360,9,-1.7,33052,10,0,33723,10,18.6,29477,9,-0.5,18148,6,0.8,3946,2,0,16148,5,1432,328,179,991,121444.837923725,1887.15636432204
25,E01014512,Bristol 016E,Somerville Road,8.07,27359,9,81.05,219,9,9.4,26952,8,5.6,29175,9,1.6,32207,10,-0.6,24678,8,-0.4,21967,7,8.8,31182,10,40.3,4807,2,5.5,32749,10,20.5,12957,4,-1,29637,9,0.1,33446,10,17.8,29901,9,-0.4,17468,6,0.8,3571,2,0.1,14241,5,1534,269,319,1039,177389.340549975,3232.19185665311
26,E01014513,Bristol 016F,St Bonaventures,3.25,32517,10,96.33,258,10,3.2,33281,10,2.8,33348,10,0.1,33734,10,-0.9,28399,9,-1.1,30593,10,4.6,33389,10,27,10955,4,1.9,33674,10,3.9,31637,10,-2.2,33632,10,0,33686,10,20.6,28226,9,-2.5,26845,8,0.5,7300,3,-0.3,21505,7,1627,359,346,1027,364824.90856275,3928.58793159961
27,E01014514,Bristol 016G,Radnor Road,15.75,18509,6,54.83,154,6,7.9,28923,9,8.2,22488,7,3.9,29549,9,1,4495,2,0.4,11359,4,12.4,27473,9,38.6,5444,2,10.6,30025,9,9.1,23120,7,-0.6,24931,8,0.1,32470,10,19.6,28893,9,0.6,13074,4,0.7,4880,2,0.4,9318,3,2251,324,218,1772,248302.43178475,3864.96233587837
28,E01014515,Bristol 050A,Highridge Common,33.55,6737,2,19.96,62,3,29.8,9630,3,19.3,7210,3,57.8,1918,1,0.8,5981,2,0.9,4634,2,10.5,29663,9,19.6,15558,5,47,9141,3,22.5,11746,4,1.6,1171,1,0.4,4339,2,30.3,19494,6,-1.6,23088,7,0.1,13972,5,0.1,14442,5,1518,289,396,915,321541.40649425,3639.74069613838
29,E01014516,Bristol 050B,Four Acres,63.44,693,1,2.05,7,1,57,1299,1,34.9,813,1,77.1,247,1,1.9,469,1,1.4,1862,1,16.2,22503,7,11.9,21870,7,76.2,1293,1,45.5,3334,1,2.7,18,1,0.4,2682,1,32.4,17306,6,0,15656,5,-0.1,16835,5,-0.8,29436,9,1491,389,274,894,248638.72873801,3456.40856039374
30,E01014517,Bristol 050C,Sherrin Way,48.89,2549,1,7.55,23,1,49.1,2714,1,26.2,3137,1,76.9,256,1,1.3,2597,1,0.8,6254,2,20.6,16283,5,4.6,29904,9,64.1,3647,2,41.3,4354,2,2.2,163,1,0.4,1979,1,35.9,13831,5,0.6,13266,4,-0.4,25225,8,-1.7,33611,10,1299,355,196,810,283561.9175444,2799.17099033819
31,E01014518,Bristol 046A,Ilchester Crescent,13.97,20441,7,60.56,167,7,15.5,19614,6,9.6,19596,6,16.6,16867,5,0.1,15143,5,0.1,15969,5,11.3,28799,9,23.2,13104,4,25.7,19216,6,13.3,18365,6,0.3,12485,4,0.2,20997,7,26,23773,8,-0.4,17627,6,0.2,11203,4,0.1,14135,5,1797,321,288,1263,537418.011028335,4300.71444306126
32,E01014519,Bristol 046B,Bedminster Down,18.3,16092,5,47.67,137,6,20.8,15118,5,12.5,14490,5,34.2,7347,3,0.1,14289,5,-0.3,21124,7,10,30166,9,18.3,16525,5,27.1,18351,6,18.3,14393,5,0.9,4970,2,0.3,10615,4,26.9,22906,7,-1,20574,7,0.1,13987,5,-0.1,17561,6,1391,263,377,828,540048.65276919,5709.55293518133
33,E01014520,Bristol 046C,Bridgwater Road,6.92,28729,9,85.11,230,9,8.9,27527,9,7,25684,8,18.8,15208,5,-0.8,27435,9,-0.9,28648,9,7.7,32031,10,12.5,21342,7,15.7,26258,8,4.5,30783,10,0.2,14180,5,0.2,15139,5,29.8,20032,6,-3.1,28770,9,-0.1,17457,6,-0.5,24978,8,1695,276,568,967,951681.9769572,5448.40019557162
34,E01014521,Bristol 046D,Kings Head Park,16.28,17960,6,53.21,150,6,16.3,18808,6,11.5,15948,5,24.1,11839,4,0.3,12248,4,0.3,11806,4,7.9,31889,10,12.1,21732,7,25.5,19343,6,9.5,22632,7,0.6,8761,3,0.2,15151,5,27.3,22544,7,-2.1,25132,8,-0.1,17107,6,-0.7,27799,9,1436,296,356,872,357500.4194528,4271.51081652512
35,E01014522,Bristol 050D,Highridge,36.69,5564,2,16.48,44,2,35.3,7064,3,21.7,5533,2,59.9,1597,1,1,4543,2,0.9,4658,2,13.1,26674,8,7.5,26563,8,50.6,7810,3,22.1,11989,4,2.1,285,1,0.3,8364,3,29.6,20267,7,-0.4,17689,6,-0.3,21978,7,-0.9,30518,10,1863,444,345,1161,322820.6801405,3469.67514992319
36,E01014523,Bristol 038A,Allison Road,17.3,17006,6,50.38,145,6,18.3,16974,6,13.4,13285,4,16.3,17044,6,0.5,9095,3,0.1,15329,5,13,26738,8,11.7,22117,7,27.7,18034,6,11.9,19848,6,-0.2,19264,6,0.2,13888,5,31.4,18339,6,-0.8,19636,6,-0.2,19853,6,-0.3,20822,7,1649,301,366,1060,596893.8384383,5345.99037424426
37,E01014524,Bristol 038B,Birchwood Road,14.46,19911,6,58.99,160,6,13,22294,7,10,18744,6,26.2,10759,4,0,16612,5,0.2,14324,5,13.9,25605,8,16.7,17735,6,19.6,23332,7,14.2,17476,6,0.6,7999,3,0.2,13778,5,34.5,15233,5,-1.3,21779,7,0,14761,5,-0.2,19595,6,1656,344,363,1031,314444.859849875,3164.39853140491
38,E01014525,Bristol 038C,Manworthy Road,8.34,27063,9,80.17,213,8,10.4,25515,8,7,25686,8,7,25976,8,-0.3,21522,7,-0.6,24990,8,10.2,29926,9,27.9,10428,4,13.4,28024,9,9.9,22160,7,-0.5,23567,7,0.2,26156,8,24.8,24916,8,-0.6,18481,6,0.6,6310,2,-0.6,25906,8,1631,308,282,1113,183316.39584413,2924.35803082211
39,E01014526,Bristol 038D,Broomhill Road,35.6,5945,2,17.61,50,2,38.7,5795,2,22.3,5140,2,54.9,2357,1,0.6,8347,3,0.4,10877,4,21.4,15123,5,16.9,17592,6,61.7,4253,2,18.3,14367,5,1.6,1180,1,0.3,5662,2,37.7,12187,4,0.4,13900,5,0,15737,5,-0.1,16464,5,1617,347,315,1025,1619744.53483813,9814.19131570568
40,E01014527,Bristol 038E,School Road,20.73,14146,5,41.91,124,5,19,16391,5,14.1,12373,4,13.4,19489,6,0.5,9283,3,0.4,11592,4,13.3,26423,8,37.8,5770,2,15.5,26437,8,25.4,10183,4,0.1,14982,5,0.2,23150,7,25.1,24639,8,0.4,14264,5,0.7,5231,2,0.4,9047,3,1387,194,378,912,412720.540617645,4158.69499983776
41,E01014528,Bristol 035A,Newbridge Road,13.12,21320,7,63.16,173,7,14.5,20678,7,9.2,20383,7,9.8,22919,7,0,15795,5,0,16162,5,14.1,25329,8,27.5,10632,4,24.8,19819,6,11,20750,7,-0.1,17347,6,0.1,27679,9,30,19847,6,-0.1,16420,5,0.5,7404,3,-0.2,19184,6,1590,277,214,1156,500151.77596107,4599.63702055127
42,E01014529,Bristol 035B,St Annes Park,35.37,6034,2,17.88,52,2,36.7,6542,2,20.4,6382,2,56.9,2051,1,0.8,6428,2,0.8,6382,2,19,18445,6,12.5,21293,7,52.7,7036,3,40,4733,2,1.8,701,1,0.3,6820,3,32.9,16804,5,0.8,12586,4,0,16078,5,-0.9,29917,9,1481,297,247,1012,187395.22818095,2805.26835371721
43,E01014530,Bristol 035C,Wootton Road,14.8,19543,6,57.9,159,6,17.1,18026,6,10.6,17584,6,13.8,19184,6,0.2,13055,4,0.1,15004,5,18.7,18792,6,10.1,23615,7,24.1,20260,7,15.9,16039,5,0.1,15171,5,0.2,22185,7,37.5,12363,4,-0.4,17471,6,-0.1,18234,6,-1.1,31801,10,1463,268,246,1010,295807.615569675,3870.95360740058
44,E01014531,Bristol 035D,Sandy Park Road,8.9,26343,8,78.04,207,8,9.9,26252,8,5.6,29196,9,5.6,27514,9,-0.1,18199,6,0.2,14034,5,11.5,28569,9,25.3,11933,4,14.4,27237,9,10.8,20985,7,-0.4,22060,7,0.1,31439,10,24.6,25060,8,-0.1,16401,5,0.3,10424,4,0.2,12261,4,2106,292,255,1637,360016.147849885,6140.40767471052
45,E01014532,Bristol 035E,Sandholme Road,12.03,22562,7,66.84,181,7,15.4,19632,6,7.7,23795,8,14.3,18731,6,0,16593,5,-0.3,20441,7,10.8,29326,9,25.3,11927,4,29.5,17037,6,15.2,16603,5,0.2,13170,4,0.2,24364,8,26.2,23591,7,-0.6,18523,6,0.5,7857,3,-0.4,23352,7,1501,262,269,1052,141976.91793585,2108.62963903902
46,E01014533,Bristol 043A,Bath Road,12.84,21609,7,64.02,176,7,12.3,23033,7,7.4,24576,8,8.1,24686,8,-0.2,19290,6,0.4,10788,4,9.3,30800,10,40.6,4732,2,21.5,21941,7,8,24776,8,-0.3,20443,7,0.2,27291,9,24.3,25335,8,-0.9,19820,6,0.7,4634,2,0.5,7776,3,1595,296,314,1071,291739.5592571,4191.01036746901
47,E01014534,Bristol 043B,Kensington Park,15.99,18246,6,54.05,152,6,10.4,25469,8,7.6,24081,8,5.3,27890,9,0.4,11138,4,1.2,2474,1,12,28017,9,34.5,7123,3,12.7,28474,9,10.4,21453,7,-0.6,25844,8,0.1,27597,9,25.5,24244,8,-0.1,16245,5,0.6,6092,2,0.3,10590,4,1664,276,285,1174,448091.506491785,5538.91342918364
48,E01014535,Bristol 043C,Callington Road,9.77,25231,8,74.75,200,8,10.9,24846,8,7.3,24896,8,10.6,22083,7,-0.8,27251,9,0.3,12115,4,8.7,31254,10,27.4,10700,4,21.1,22265,7,5.5,29131,9,-0.5,23556,7,0.2,18867,6,27.9,21974,7,-1.8,24008,8,0.2,11572,4,0.6,6929,3,2020,388,489,1251,462243.637950125,4692.41999066825
49,E01014536,Bristol 043D,Hicks Gate,33.03,6928,3,20.52,64,3,29.8,9621,3,21.8,5515,2,36.1,6648,2,1,4241,2,0.9,4970,2,20.9,15810,5,13.6,20340,7,53.5,6800,3,18.1,14516,5,0.8,6174,2,0.3,7187,3,31.6,18130,6,1.5,9792,3,-0.2,20486,7,0.1,14596,5,1658,259,424,1079,1248398.79455965,6452.37983318461
50,E01014537,Bristol 035F,Eldonwall,17.89,16458,5,48.76,142,6,23.1,13535,5,12.2,14941,5,22.5,12769,4,0.3,12675,4,-0.1,18143,6,16.3,22402,7,13.2,20693,7,36.5,13557,5,23,11485,4,0.5,9325,3,0.2,16526,5,26.8,23021,7,1,11650,4,-0.1,17361,6,-0.4,22717,7,1827,365,314,1209,345951.703293475,3304.43854325126
51,E01014538,Bristol 060A,Woodland Road,8.08,27351,9,81.03,218,9,3.7,33052,10,1.7,33675,10,3.4,30171,9,-0.5,23779,8,-0.9,29094,9,10.6,29608,9,53.1,1669,1,20.9,22392,7,13.6,18092,6,-0.6,25176,8,0.1,33664,10,12.2,32062,10,0.4,13915,5,1.1,1673,1,0.4,9813,3,1961,60,71,1861,232158.642044785,2898.9066672484
52,E01014539,Bristol 025A,Kingsdown Parade,8.02,27447,9,81.31,220,9,6.7,30355,9,4.7,31134,10,3.7,29772,9,-0.5,23916,8,-0.3,21369,7,9.9,30208,9,43.3,3875,2,8.8,31124,10,11.2,20611,7,-0.5,24499,8,0.1,33587,10,13,31833,10,0.2,14817,5,1,2562,1,-0.2,18412,6,1932,164,256,1577,157832.49578245,2591.92261933899
53,E01014544,Bristol 030A,Clifton Down,4.54,31384,10,92.98,251,10,2.9,33379,10,1.9,33646,10,7.9,24938,8,-1.4,32054,10,-1,29758,9,3.9,33537,10,33.5,7568,3,3.4,33436,10,3.1,32676,10,0,16948,6,0.1,33459,10,21.4,27624,9,-3.2,29131,9,0.7,5096,2,-0.1,18116,6,1182,127,308,789,574714.069916025,4998.14242158011
54,E01014545,Bristol 030B,Clifton College,4.74,31185,10,92.39,248,10,5,32101,10,3.2,33120,10,3.4,30064,9,-1.4,32184,10,-0.9,28355,9,7.9,31863,10,35.8,6560,2,3.3,33454,10,18.8,14026,5,-0.6,24926,8,0,33725,10,17.9,29839,9,-0.7,18928,6,0.8,4462,2,-0.1,17278,6,1848,252,321,1301,254718.18382465,3724.16459503036
55,E01014546,Bristol 030C,Clifton Central,6.11,29616,9,87.74,239,9,2.9,33388,10,2.7,33390,10,3.9,29511,9,-0.8,28040,9,-0.4,21989,7,11.8,28220,9,38.4,5513,2,7.7,31682,10,5.8,28520,9,-0.5,24001,8,0.1,33640,10,16.1,30744,10,0.7,12974,4,0.8,3820,2,0,16405,5,1576,77,242,1329,148138.61019555,3003.61506564509
56,E01014547,Bristol 030D,Clifton Village,4.64,31290,10,92.7,250,10,4,32798,10,2.9,33264,10,1.4,32456,10,-1.7,33024,10,-0.7,26600,8,8,31812,10,37.4,5910,2,7.6,31766,10,4,31544,10,-1.1,30128,9,0.1,33554,10,19.7,28787,9,-0.8,19483,6,0.9,2946,1,-1.2,32713,10,1672,118,384,1267,177384.07844885,2748.11144682658
57,E01014548,Bristol 034A,Hotwells,15.79,18458,6,54.68,153,6,12.9,22331,7,7.9,23304,7,7.2,25653,8,-0.1,17664,6,0.8,6393,2,13.8,25757,8,46.9,2903,1,24.5,19958,6,10.8,20965,7,-0.1,18277,6,0.1,32822,10,20.2,28510,9,1,11716,4,0.9,2849,1,0.4,8563,3,1634,177,247,1276,221106.28242869,3237.96902211808
58,E01014549,Bristol 034B,Cliftonwood,23.02,12435,4,36.84,102,4,21.5,14619,5,10.2,18311,6,10.1,22610,7,0.6,8794,3,0.6,8535,3,16.6,21991,7,57.4,1113,1,47.5,8938,3,23.4,11263,4,0.1,15228,5,0.1,30635,10,17.5,30091,9,1.9,8633,3,1.1,1439,1,0.6,6855,3,1125,113,180,876,105431.66464733,2514.67959860391
59,E01014550,Bristol 034C,Hotwells East,4.46,31461,10,93.2,252,10,3.7,33046,10,3.2,33121,10,1.6,32174,10,-0.9,29036,9,-0.2,19985,6,7.8,31939,10,27.7,10565,4,3.8,33333,10,4.3,31078,10,-1,29346,9,0,33685,10,18.1,29759,9,-0.7,19152,6,0.3,10370,4,0.4,8685,3,2235,165,403,1726,225160.50061495,3652.69624559362
60,E01014551,Bristol 026A,Oakfield Grove,11.21,23529,7,69.71,187,7,6.1,31024,10,2.8,33331,10,8.8,23959,8,-0.3,20197,6,-0.3,21177,7,13.5,26201,8,57.2,1130,1,19.3,23519,7,26.6,9621,3,0.1,15559,5,0,33677,10,14.1,31544,10,1.2,10904,4,1.2,1295,1,0.4,8501,3,1777,65,72,1665,148715.44632709,3450.31344250069
61,E01014552,Bristol 026B,Alma Road,4.43,31490,10,93.29,253,10,2.9,33403,10,2.2,33570,10,0.2,33667,10,-1.1,30142,9,-0.9,28450,9,9.8,30385,10,36,6497,2,6.1,32484,10,6.6,27229,9,-2,33487,10,0.1,33500,10,15.4,31058,10,0.1,15457,5,0.8,4101,2,-0.2,20277,7,1852,132,214,1575,178108.14784115,3026.88722221404
62,E01014553,Bristol 026C,Whatley Road,5.64,30193,9,89.45,247,10,2.7,33433,10,1.6,33692,10,5.1,28159,9,-1.4,32093,10,-0.4,23127,7,8.3,31598,10,39.8,4998,2,9.5,30700,10,6.4,27447,9,-0.3,21622,7,0.1,33628,10,14.7,31337,10,-0.4,17438,6,0.8,4326,2,0.3,10115,3,1966,135,203,1676,165298.96795116,3000.72562438831
63,E01014554,Bristol 026D,Queens Road,8.45,26902,8,79.7,211,8,5.9,31242,10,2.8,33368,10,11,21701,7,-0.8,27282,9,0.2,13414,4,10.5,29665,9,38.8,5372,2,12.1,29028,9,19.7,13481,4,0.2,12927,4,0.1,33053,10,14.1,31537,10,0.4,14228,5,0.7,5243,2,0.5,7730,3,1932,131,180,1668,167963.52402994,3044.92538585285
64,E01014555,Bristol 034D,Lower Clifton Hill,11.89,22710,7,67.28,182,7,7.7,29096,9,4.1,32028,10,15.1,18025,6,0.4,10345,4,-0.4,22836,7,16.6,21982,7,37.7,5782,2,21.9,21688,7,38.6,5105,2,0.6,8853,3,0.1,33279,10,14.9,31227,10,2,8305,3,0.7,4766,2,0.3,11187,4,2063,66,160,1862,123839.049151545,1595.48341543908
65,E01014556,Bristol 026E,Worral Road,6.4,29301,9,86.8,234,9,5.6,31527,10,3.8,32539,10,0.9,32910,10,-1.3,31283,10,-0.9,28636,9,8.4,31512,10,47.5,2765,1,9.2,30916,10,7.7,25401,8,-1.2,31213,10,0,33675,10,17,30353,9,-0.4,17835,6,1,2088,1,0,14810,5,1836,211,356,1351,167585.925404175,2216.44249681906
66,E01014557,Bristol 022A,Cotham Park,6.54,29148,9,86.35,232,9,4.3,32642,10,3.6,32778,10,0.7,33193,10,-0.7,26261,8,-0.5,24194,8,9.4,30705,10,43.8,3732,2,5.6,32707,10,8.2,24537,8,-1.4,31811,10,0,33733,10,13.9,31589,10,0,15699,5,1,2145,1,-0.5,24361,8,1687,176,210,1361,193613.4713234,2698.19949377364
67,E01014558,Bristol 022B,Cotham Hill,10.92,23869,8,70.71,191,8,6.3,30884,10,3.9,32294,10,15.3,17854,6,-0.1,18572,6,-0.2,19691,6,11.8,28194,9,46.9,2915,1,11.2,29652,9,29.5,8296,3,0.6,8624,3,0.1,33546,10,12.7,31906,10,0.8,12463,4,1,2633,1,0.3,10184,4,1853,61,122,1696,129337.11558865,2211.75710527629
68,E01014559,Bristol 022C,Lower Redland Road,5.89,29886,9,88.54,245,10,5.1,32014,10,3.6,32753,10,2,31689,10,-0.9,28987,9,-0.9,28691,9,7.8,31989,10,42.7,4039,2,6.4,32326,10,9.8,22196,7,-0.9,28338,9,0.1,33599,10,14.4,31425,10,-0.5,18229,6,0.9,3114,1,0.1,13374,4,2010,213,364,1540,220094.678033225,2358.6526422263
69,E01014560,Bristol 022D,Clyde Road,6.05,29689,9,87.95,241,9,4.5,32468,10,3.7,32606,10,0.5,33357,10,-1,29304,9,-0.6,24773,8,10.1,30075,9,42.4,4119,2,6.9,32114,10,8.4,24149,8,-1.5,32410,10,0.1,33588,10,14.4,31458,10,0.2,14811,5,0.9,2780,1,-0.1,17730,6,1639,116,189,1388,142060.38711249,2992.82098758463
70,E01014561,Bristol 025C,Redland Grove,7.85,27649,9,81.91,221,9,6.2,30970,10,3.3,32970,10,1.6,32149,10,-0.8,27253,9,-0.7,26459,8,8.2,31664,10,52.5,1791,1,8.1,31481,10,10.3,21636,7,-1,29246,9,0,33751,10,15.8,30889,10,-0.4,17831,6,1.1,1817,1,0.4,9210,3,1716,159,261,1371,224717.59049923,3596.12285582575
71,E01014562,Bristol 022E,Kensington Road,11.28,23438,7,69.44,186,7,4.7,32377,10,3.3,33001,10,2.1,31573,10,-0.2,19308,6,0.3,11925,4,11.1,29073,9,57,1159,1,12.9,28388,9,15.4,16452,5,-0.9,28307,9,0.1,33367,10,16,30777,10,0.4,13854,5,1.2,992,1,0.1,14024,5,1686,87,136,1513,100405.49099325,1751.03053177759
72,E01014563,Bristol 025D,Cotham Brow,13.04,21408,7,63.42,174,7,8.6,27997,9,5.3,29811,9,4.8,28448,9,-0.2,19552,6,0.9,5172,2,10,30194,9,48.1,2626,1,17.4,24999,8,21.3,12465,4,-0.4,22130,7,0.1,33610,10,13.6,31707,10,0.2,14859,5,0.9,3471,2,0.8,4642,2,1885,136,133,1667,138013.0199468,2259.86705522163
73,E01014564,Bristol 055A,Chelsea Park,25.75,10632,4,31.5,88,4,29.8,9632,3,13.9,12701,4,24.7,11551,4,0.2,14134,5,0.9,5190,2,11.1,29033,9,43.1,3931,2,48.2,8680,3,33.5,6793,3,0.8,6310,2,0.2,19836,6,19.6,28850,9,0.2,14750,5,0.9,3018,1,0.1,13540,5,1906,383,228,1367,227734.827583,3077.6474047421
74,E01014565,Bristol 029A,Gilbert Road,28.49,9052,3,26.82,79,3,29.7,9709,3,16.2,9991,3,16.2,17149,6,0.8,6337,2,0.7,7164,3,11.4,28676,9,49.8,2288,1,53,6963,3,37.7,5357,2,0.3,12796,4,0.2,21133,7,18.1,29771,9,0.4,13904,5,1,2616,1,0.6,6624,2,1765,235,307,1301,135293.66350685,3379.82292555215
75,E01014566,Bristol 029B,Church Road,27.14,9805,3,29.05,85,4,24.2,12809,4,12.2,14945,5,28.9,9475,3,1,5016,2,0.7,7241,3,13.8,25767,8,45.7,3190,1,38.7,12534,4,22.5,11742,4,1.2,3100,1,0.2,26407,8,17.8,29914,9,1.1,11164,4,0.7,4616,2,1,3510,2,1669,261,196,1263,134658.02169678,3884.84438013553
76,E01014567,Bristol 029C,Netham,21.7,13381,4,39.64,111,5,19.3,16211,5,12.1,15114,5,19.3,14900,5,0.2,13216,4,0.7,7538,3,12.5,27442,9,47.2,2839,1,35.4,14048,5,21.2,12545,4,0.7,7832,3,0.2,26041,8,17.6,30035,9,0.8,12543,4,0.9,2861,1,0.5,8145,3,1922,283,214,1485,331571.0862194,3787.08439725003
77,E01014568,Bristol 057A,St Marks Road,38.12,5112,2,15.14,39,2,32.5,8335,3,20.2,6528,2,35.5,6902,3,0.6,8842,3,1.6,976,1,14.9,24368,8,56.9,1175,1,47.9,8788,3,37.1,5544,2,1.2,2944,1,0.2,15386,5,18.7,29437,9,1.4,10306,4,1.1,1596,1,0.7,6040,2,2639,502,262,1945,198987.329234315,2923.212552016
78,E01014569,Bristol 057B,Robertson Road,27.15,9795,3,29.02,83,4,23.6,13157,4,14.7,11664,4,27.6,10089,3,0.2,13010,4,0.9,5134,2,14.3,25078,8,53.1,1680,1,30.2,16681,5,29,8531,3,1,4172,2,0.2,22624,7,19.8,28725,9,1.2,11073,4,1.1,1621,1,0.3,10515,4,2289,432,267,1694,168030.723894325,2898.15495488875
79,E01014570,Bristol 057C,Whitehall,16.99,17282,6,51.2,147,6,19,16436,5,10.4,18051,6,15.1,18100,6,0.1,15154,5,0.1,14993,5,11.3,28809,9,38.7,5393,2,22.7,21183,7,22.2,11901,4,0.4,11140,4,0.2,26833,8,21.6,27510,9,0.1,15222,5,0.8,3785,2,0,16005,5,2015,413,221,1451,274269.70509145,3358.3301426106
80,E01014571,Bristol 012A,Whitefield Fishponds,24.21,11625,4,34.44,92,4,25.9,11725,4,16.6,9658,3,19.4,14764,5,0.7,7264,3,0.6,8710,3,16.7,21820,7,20.1,15213,5,40.3,11866,4,23.7,11085,4,0.4,10559,4,0.2,19187,6,27.7,22199,7,1,11669,4,0.1,13617,5,0.1,14298,5,1746,288,321,1229,377687.298649215,4366.50749569567
81,E01014572,Bristol 019A,Fishponds Road,26.88,9950,3,29.48,86,4,24,12911,4,14.6,11777,4,15.7,17586,6,0.6,8781,3,1.2,2663,1,20,17022,6,40.7,4683,2,36.8,13417,4,23.6,11135,4,0.1,15542,5,0.2,18299,6,20.1,28545,9,2.6,6639,2,0.7,5131,2,0.7,6024,2,2046,304,219,1605,246318.20230335,3434.68013595893
82,E01014573,Bristol 019B,Upper Eastville,14.88,19443,6,57.6,158,6,15,20125,6,10,18794,6,12.8,20038,6,-0.2,19712,6,0.4,11516,4,15.3,23786,8,33.1,7762,3,19.6,23320,7,10.6,21181,7,0.2,13290,4,0.1,27494,9,25.3,24462,8,0.9,11986,4,0.6,6612,2,0.3,10744,4,2014,336,344,1413,480664.99197785,5235.9934517986
83,E01014574,Bristol 057D,Greenbank,38.01,5151,2,15.26,40,2,39.9,5360,2,20.1,6589,2,39.3,5673,2,0.8,6316,2,1.1,3348,1,16.7,21709,7,44.6,3492,2,69.2,2500,1,43.1,3927,2,1.1,3540,2,0.3,9202,3,20.4,28321,9,1.8,9038,3,0.6,6089,2,1.3,2097,1,2310,417,274,1678,370667.256752175,3183.52107262284
84,E01014575,Bristol 019C,Eastville Park,30.15,8206,3,24.31,70,3,28.6,10297,4,17.7,8589,3,26.2,10774,4,0.5,9388,3,1.2,2843,1,14.9,24304,8,41.9,4288,2,44.7,10067,3,29,8554,3,0.7,7787,3,0.2,14174,5,24.3,25321,8,0.9,11966,4,0.5,7788,3,1.4,1747,1,1550,264,264,1096,538639.630245125,5412.82957911898
85,E01014576,Bristol 019D,Rose Green,18.54,15899,5,47.1,136,6,20.3,15463,5,13,13785,5,18.9,15123,5,0,15736,5,0.6,8687,3,14.9,24296,8,20.9,14645,5,31.8,15821,5,9.8,22221,7,0.1,15096,5,0.2,14070,5,26,23808,8,0.7,12733,4,0.1,14558,5,0.3,10825,4,2208,403,387,1499,468338.899256425,3623.41592861668
86,E01014577,Bristol 012B,Stapleton,11.13,23634,8,70.02,189,8,11.3,24241,8,6.8,26119,8,15.7,17554,6,-0.7,26827,8,-0.2,19664,6,17.2,21072,7,35.1,6848,3,16,26070,8,7.1,26299,8,0.5,9760,3,0.1,28837,9,34,15702,5,0,15857,5,0.4,8281,3,0.8,4644,2,1688,257,486,1038,585670.53487415,4619.57826592184
87,E01014578,Bristol 044A,Wedmore Vale,29.97,8296,3,24.58,71,3,33,8092,3,19.2,7255,3,42.2,4923,2,0.6,9037,3,0.7,6627,2,16.6,21914,7,13.4,20494,7,46.1,9472,3,28.3,8827,3,1.2,2908,1,0.3,8476,3,26.3,23501,7,1.2,11081,4,-0.1,17246,6,-0.4,22345,7,1849,394,274,1234,407766.960016005,4401.32619017648
88,E01014579,Bristol 045A,Novers,27.28,9715,3,28.78,82,4,28.4,10394,4,17.3,8923,3,33,7771,3,0.6,9011,3,0.6,7876,3,22.2,14228,5,16.9,17596,6,47.3,9019,3,20.6,12869,4,0.7,6864,3,0.3,8633,3,29,20853,7,2.3,7550,3,0.1,13426,4,-0.4,23806,8,1518,337,251,979,536633.774360975,3932.11852007485
89,E01014580,Bristol 045B,Inns Court,62.52,766,1,2.27,8,1,50.8,2351,1,36.5,589,1,77.2,240,1,1.7,979,1,1.4,1694,1,23.9,12106,4,16.4,18001,6,57.2,5556,2,52.2,2137,1,2.2,171,1,0.4,1873,1,27.1,22743,7,3,5855,2,0,15214,5,-0.2,19177,6,1570,323,395,940,468834.988296375,5170.70560508231
90,E01014581,Bristol 045C,Filwood Broadway,65.28,574,1,1.7,5,1,57.4,1226,1,34.3,897,1,77.4,234,1,1.8,802,1,1.7,681,1,23.7,12336,4,12.7,21154,7,77.9,1076,1,42.9,3980,2,2.3,99,1,0.4,2140,1,26.3,23531,7,3,5752,2,-0.1,18801,6,-0.3,20364,7,1623,419,288,985,392073.717785275,3769.03905577672
91,E01014582,Bristol 045D,Leinster Avenue,45.84,3204,1,9.49,28,2,49.2,2693,1,26.7,2936,1,67.4,780,1,0.9,5628,2,0.8,5586,2,19.3,17955,6,10,23777,8,72.2,1939,1,35.2,6168,2,1.8,729,1,0.4,2411,1,26.3,23517,7,1.9,8645,3,-0.3,22183,7,-0.3,20622,7,1383,310,233,881,195242.3250905,4263.32784731021
92,E01014583,Bristol 044B,Throgmorton Road,45.39,3285,1,9.73,30,2,45.2,3721,2,23.8,4356,2,70.7,572,1,1,4487,2,1.2,2774,1,21,15663,5,9.7,24037,8,62.8,3954,2,49.6,2557,1,2.1,265,1,0.4,3098,1,27.5,22412,7,2.2,7796,3,-0.5,25823,8,0,14996,5,1848,430,234,1239,299575.22650542,2911.2151627356
93,E01014584,Bristol 045E,Glyn Vale,48.57,2620,1,7.76,24,1,47.6,3095,1,27.1,2784,1,78.9,188,1,1.1,4063,2,0.9,4949,2,20.6,16274,5,6.6,27607,9,73,1790,1,40.3,4632,2,2.3,131,1,0.4,1701,1,27,22854,7,2.1,7953,3,-0.4,24424,8,-0.7,27244,9,1476,353,220,937,221773.50558105,2622.31151395794
94,E01014585,Bristol 044C,Ilminster Avenue West,60.44,954,1,2.83,9,1,61.1,778,1,28.3,2366,1,78.4,206,1,1.4,1942,1,1.4,1440,1,26,9913,3,11.8,21981,7,80.9,798,1,58.7,1271,1,2.3,128,1,0.4,1812,1,27.6,22269,7,3.4,4946,2,-0.1,17959,6,-0.6,25756,8,1997,559,263,1212,220187.1180216,2918.18518078062
95,E01014586,Bristol 012C,Oldbury Court,18.29,16097,5,47.69,138,6,17.5,17687,6,12.6,14325,5,25,11380,4,0.1,14343,5,0.5,9777,3,17,21276,7,15.1,19023,6,23,20997,7,14.3,17392,6,0.7,7840,3,0.2,15642,5,35.4,14307,5,-0.4,17603,6,0,15067,5,-0.4,23762,8,1512,216,533,923,882401.143605115,7062.37514382237
96,E01014587,Bristol 012D,Broomhill,22.11,13063,4,38.7,108,4,21.1,14838,5,13.7,12970,4,25.8,10931,4,0.5,9880,3,0.4,10600,4,23.7,12391,4,17.8,16929,6,34,14721,5,24.3,10772,4,0.4,10598,4,0.3,10751,4,33.8,15943,5,1.9,8660,3,0,16587,5,0.2,12808,4,1846,268,338,1314,707516.323301725,4637.45964034971
97,E01014588,Bristol 013A,Blackberry Hill,22.95,12482,4,36.98,105,4,21.6,14490,5,14.5,11890,4,21.7,13216,4,0.7,7700,3,0.9,5040,2,15.3,23727,8,17.5,17142,6,33.9,14791,5,17.5,14886,5,0.6,8762,3,0.2,18794,6,21.1,27857,9,1.3,10452,4,-0.1,17871,6,0.3,11216,4,2570,381,535,1754,560612.48432677,4895.28585422867
98,E01014589,Bristol 013B,Gill Avenue,52.58,1934,1,5.73,21,1,54.6,1646,1,32.5,1211,1,49.5,3336,1,1.3,2504,1,1.1,3560,2,26.9,9007,3,8.9,24984,8,74.2,1590,1,51.5,2252,1,1.4,2061,1,0.3,5870,2,31.3,18425,6,3.1,5514,2,-0.2,19635,6,-1.1,32150,10,1601,407,221,1034,237458.966121,2929.48642494637
99,E01014590,Bristol 013C,Fishponds,20.88,14014,5,41.52,120,5,22.2,14106,5,12.2,14926,5,21.6,13270,4,0.3,12033,4,1,4278,2,12.3,27686,9,20.4,15039,5,37.5,13061,4,18.8,14034,5,0.5,10170,4,0.2,16367,5,21,27892,9,0.5,13765,5,0.1,13377,4,0.1,14376,5,2436,420,393,1702,336985.66794989,4404.65150523973
100,E01014591,Bristol 013D,Downend West,11.58,23066,7,68.33,184,7,15,20067,6,10,18755,6,12.2,20610,7,-0.1,18104,6,0,16999,6,10.4,29800,9,11.1,22691,7,27.5,18162,6,9,23261,7,-0.1,18126,6,0.2,21385,7,27.9,21926,7,-1.1,20766,7,-0.2,21003,7,-0.2,19909,6,1987,311,575,1216,313559.731555375,3485.20317388631
101,E01014592,Bristol 013E,Staple Hill Road North,17.41,16915,6,50.11,144,6,19.2,16286,5,11.6,15913,5,14.8,18280,6,0.4,11361,4,0.1,15414,5,12.2,27711,9,29.7,9438,3,27.6,18109,6,21.6,12236,4,0.3,12372,4,0.2,24664,8,23.3,26148,8,0.2,14718,5,0.5,7950,3,0.2,11826,4,1743,299,306,1197,283072.326384485,3814.57196733665
102,E01014593,Bristol 051A,Fulford Road North,68.21,378,1,1.12,3,1,64.7,450,1,38.5,384,1,77.6,227,1,1.6,1423,1,1.8,560,1,17.3,20804,7,4.4,30171,9,80.9,805,1,34.7,6346,2,2.2,199,1,0.4,1694,1,30.8,18959,6,0.7,12905,4,-0.6,27403,9,-0.8,28683,9,1559,484,208,881,328744.78957463,3264.06986649409
103,E01014594,Bristol 048A,Whitchurch Lane,65.46,555,1,1.64,4,1,60.8,809,1,37.8,440,1,73.4,415,1,1.5,1480,1,1.7,791,1,16.7,21736,7,12.7,21141,7,82.2,702,1,44.7,3517,2,2.1,297,1,0.4,2245,1,26.5,23356,7,1.2,11026,4,-0.4,23874,8,0.2,11582,4,1690,487,231,1027,358407.768786385,3357.06466450744
104,E01014595,Bristol 051B,Withywood,37.8,5210,2,15.43,41,2,35.7,6914,3,24.2,4120,2,54.3,2446,1,0.9,5293,2,1.1,3108,1,12.5,27350,9,11.9,21880,7,48.8,8460,3,31.8,7382,3,1.6,1317,1,0.3,5482,2,29.2,20631,7,-0.5,18221,6,0,16387,5,-1,31347,10,1457,270,356,950,241122.480170725,2528.34780342265
105,E01014596,Bristol 051C,Fair Furlong,47.95,2732,1,8.09,25,1,44.9,3796,2,27.6,2587,1,69.7,634,1,1.4,2298,1,1.2,2532,1,11.7,28341,9,6.6,27535,9,58.7,5088,2,38.3,5203,2,2,389,1,0.4,2850,1,29.3,20575,7,-0.8,19649,6,-0.3,22478,7,-1.3,32776,10,1638,340,387,977,310871.616870645,3306.50443200275
106,E01014597,Bristol 051D,Bishport Avenue West,55.88,1485,1,4.4,14,1,45.5,3650,2,33,1108,1,78.8,193,1,1.5,1706,1,1.6,971,1,14.4,25000,8,6.9,27280,9,61.5,4307,2,27.4,9230,3,2.2,197,1,0.4,1501,1,31.2,18562,6,-0.3,17136,6,-0.4,23401,7,-0.8,28953,9,1409,306,284,891,392604.641967115,3870.16569901321
107,E01014598,Bristol 048B,Imperial Park,6.93,28716,9,85.07,229,9,6.7,30401,10,4.4,31601,10,13.6,19293,6,-0.7,26313,8,0.4,10663,4,11.9,28097,9,10.6,23127,7,13.1,28244,9,4.2,31247,10,0.2,13236,4,0.2,25699,8,31.8,17952,6,-1.4,22083,7,-0.2,20806,7,-0.3,21811,7,2217,304,511,1495,702765.75785309,5165.69198229114
108,E01014599,Bristol 048C,Headley Park,11.48,23177,7,68.66,185,7,11.7,23772,8,7.6,24092,8,23.7,12087,4,-0.4,22473,7,0.1,15335,5,9.9,30275,9,20.8,14772,5,18.6,24086,8,7.3,25914,8,0.6,8602,3,0.2,16092,5,29.2,20667,7,-1.6,23049,7,0.3,9742,3,-0.7,28086,9,1298,243,264,837,294345.2386298,3606.89530875717
109,E01014600,Bristol 048D,Whitchurch Road,23.82,11898,4,35.25,97,4,22.7,13783,5,13.8,12757,4,37,6365,2,0.7,7286,3,0.7,7597,3,8.4,31514,10,18.1,16676,5,26,19025,6,26.7,9579,3,1,4236,2,0.3,9596,3,26,23799,8,-1.5,22788,7,0.1,14391,5,-0.1,16906,6,1496,267,453,868,280430.928683875,3388.25149575483
110,E01014601,Bristol 001A,Brentry West,23.95,11813,4,35,96,4,27.6,10818,4,16,10281,4,29,9386,3,0.7,7610,3,0.3,11862,4,17.2,20945,7,9,24870,8,37,13336,4,22.1,11976,4,0.7,7664,3,0.3,11102,4,31.6,18125,6,0.5,13633,5,-0.2,20453,7,-0.8,28851,9,1872,417,408,1102,453323.6490736,4987.46817728725
111,E01014602,Bristol 001B,Henbury,34.83,6231,2,18.46,54,2,36.2,6748,2,21.6,5610,2,43,4738,2,0.6,8076,3,1.2,2475,1,18.7,18832,6,14.3,19720,6,52.3,7174,3,23.3,11276,4,1.1,3758,2,0.3,6191,2,31.8,17960,6,0.9,12060,4,0,15574,5,-0.5,24942,8,2017,479,373,1268,419812.6420544,3952.83839053875
112,E01014603,Bristol 001C,Brentry East,19.14,15384,5,45.58,129,5,23.5,13201,4,14.2,12295,4,23.4,12242,4,0.1,14655,5,0.2,13236,4,20.6,16178,5,3.2,31473,10,37.8,12928,4,13.6,18049,6,0.6,7932,3,0.2,17797,6,33.3,16424,5,1.2,11090,4,-0.6,28219,9,-1.1,32130,10,2655,542,464,1788,505192.51588715,4036.00637699391
113,E01014605,Bristol 001E,Crow Lane,53.76,1763,1,5.22,19,1,49.6,2603,1,30.1,1798,1,58.2,1850,1,1.6,1400,1,1.4,1708,1,25.1,10749,4,16.9,17608,6,66.3,3106,1,50.4,2418,1,1.7,963,1,0.4,4830,2,27.3,22603,7,3.2,5271,2,0,15573,5,-0.1,16930,6,1842,409,383,1143,292556.473858125,4409.73738447307
114,E01014607,Bristol 047A,Hengrove Park,21.63,13422,4,39.76,112,5,23,13546,5,10.6,17608,6,26.4,10625,4,0.2,13764,5,1.5,1168,1,11.3,28821,9,8.5,25491,8,42.6,10867,4,7.1,26358,8,0.7,6887,3,0.2,15601,5,31.2,18597,6,-1.5,22577,7,-0.5,26339,8,-0.1,17317,6,1746,401,402,1031,1039706.68164431,4722.6250330085
115,E01014608,Bristol 047B,Hengrove West,36.3,5689,2,16.85,48,2,37,6408,2,23.1,4735,2,46.8,3883,2,0.9,5739,2,1.1,3056,1,16.8,21601,7,9.2,24675,8,54.7,6348,2,28.8,8611,3,1.4,2015,1,0.3,7681,3,28.3,21583,7,0.9,11866,4,-0.2,19148,6,-1.3,32831,10,1837,381,321,1210,385264.676211075,4207.95081292342
116,E01014609,Bristol 047C,Two Acres,28.75,8908,3,26.39,77,3,27.8,10706,4,16.7,9457,3,47.9,3629,2,0.8,6232,2,0.7,6963,3,13.9,25627,8,12.9,20999,7,44.4,10161,4,21.1,12565,4,1.3,2270,1,0.3,6244,2,26.8,23062,7,0.3,14401,5,-0.1,18000,6,-0.3,21981,7,1829,353,442,1142,248745.08709685,3363.91727787396
117,E01014610,Bristol 047D,Wharnecliffe Gardens,34.07,6516,2,19.3,56,3,33.9,7709,3,18.9,7527,3,50.7,3100,1,1,4370,2,0.8,6046,2,21.4,15190,5,10.2,23597,7,41.8,11185,4,46.3,3185,1,1.4,1928,1,0.3,5545,2,28.6,21228,7,2.1,7962,3,-0.2,19752,6,-0.6,26342,8,1561,313,368,950,214869.52092515,2565.97235869002
118,E01014611,Bristol 052A,Fortfield West,15.35,18937,6,56.1,155,6,16.7,18382,6,13.5,13185,4,19,15069,5,0,16740,5,0.2,13172,4,9.8,30379,9,9.7,24106,8,37.2,13225,4,8.2,24507,8,0.1,14584,5,0.2,14463,5,32.6,17078,6,-2.9,28127,9,-0.2,19485,6,-0.8,29219,9,1469,238,517,834,621316.675866735,5976.69272870767
119,E01014612,Bristol 052B,Fortfield East,20.83,14049,5,41.62,121,5,23.6,13162,4,14.1,12333,4,33.3,7649,3,0.2,12997,4,0.4,10765,4,10.6,29547,9,12,21773,7,42.2,11060,4,13.7,17936,6,0.8,6190,2,0.3,9293,3,31.8,17953,6,-2,24814,8,0,15795,5,-1.6,33585,10,1535,284,485,888,250060.606308775,3197.42498408305
120,E01014613,Bristol 047E,Hengrove Lane,14.13,20263,7,60.03,163,7,14.9,20204,6,9.1,20612,7,21.8,13143,4,0,16659,5,0,16945,6,12.6,27263,9,24.4,12417,4,25.9,19110,6,9.4,22799,7,0.4,11281,4,0.2,14493,5,27.1,22769,7,-0.1,16385,5,0.3,10606,4,0.1,13394,4,1564,276,399,985,223585.071356725,2340.64593656892
121,E01014614,Bristol 047F,Hengrove East,13.43,21002,7,62.22,171,7,14.4,20779,7,10.3,18163,6,21.4,13419,4,0,16215,5,0.1,14683,5,10.6,29574,9,10.1,23656,8,26,19040,6,5.1,29745,9,0.3,12226,4,0.2,13896,5,30.2,19609,6,-1.5,22770,7,-0.3,21897,7,-0.3,20900,7,1396,244,422,826,539260.934998075,4384.7931111706
122,E01014615,Bristol 011A,Golden Hill,1.95,33415,10,98.99,267,10,4.3,32618,10,4,32276,10,0.5,33350,10,-1.4,31948,10,-1.4,32406,10,5.8,33046,10,15.2,18970,6,6.4,32358,10,2.6,33053,10,-1.5,32509,10,0.1,33455,10,24,25608,8,-2.5,26784,8,0,15362,5,-0.4,22476,7,1601,329,461,936,428584.263883375,3927.75057920724
123,E01014616,Bristol 006A,Henleaze West,6.43,29265,9,86.7,233,9,6.2,30944,10,5.4,29591,9,0.7,33149,10,-0.8,27289,9,-0.9,28570,9,6.3,32808,10,41.7,4359,2,3,33510,10,11.4,20357,7,-1.4,32189,10,0.1,33201,10,22.8,26537,8,-1.9,24566,8,0.8,3965,2,0.4,9268,3,1544,271,463,880,379033.36023065,3102.90140169274
124,E01014617,Bristol 011B,West Broadway,1.3,33652,10,99.69,268,10,2.8,33422,10,2.8,33342,10,0.3,33597,10,-1.2,31178,10,-1.2,30988,10,5.9,33013,10,9.6,24146,8,2.4,33617,10,2.5,33160,10,-1.7,33048,10,0,33684,10,25.7,24048,8,-2.9,28258,9,-0.2,20345,7,-0.6,26576,8,1410,326,369,830,283379.124423425,3139.17501989698
125,E01014618,Bristol 011C,Henleaze North,2.41,33166,10,98.26,264,10,1.6,33699,10,3.4,32897,10,0.1,33737,10,-1.4,32036,10,-0.8,27734,9,4.9,33320,10,20.1,15224,5,2.3,33624,10,0.4,33753,10,-2.2,33673,10,0.1,33652,10,24.8,24885,8,-3.4,29650,9,0.2,11520,4,-0.3,21094,7,1654,357,572,826,324671.8401977,4384.18489508164
126,E01014619,Bristol 017A,North View,7.36,28233,9,83.64,224,9,5.5,31694,10,5.7,28909,9,0.6,33308,10,-1.2,30812,10,-0.8,27824,9,5.9,33004,10,50.2,2210,1,6.1,32487,10,4.2,31211,10,-1.8,33170,10,0.1,32667,10,19.4,28981,9,-1.7,23407,7,1,2425,1,0.6,7279,3,1494,243,412,925,297320.59269775,3268.5995557978
127,E01014620,Bristol 011D,Henleaze South,2.96,32757,10,97.04,260,10,3.2,33279,10,5.1,30294,9,0.5,33406,10,-1.5,32245,10,-1.2,31464,10,3.2,33625,10,23.5,12971,4,3.5,33391,10,3,32776,10,-1.7,32942,10,0.1,33190,10,19.9,28678,9,-3.5,29894,9,0.4,9414,3,-0.2,20279,7,1681,383,505,887,240346.64342745,2979.51363684802
128,E01014621,Bristol 017B,Westbury Park North,8.14,27296,9,80.87,217,9,7.9,28805,9,6.3,27396,9,0.8,33028,10,-0.4,22939,7,-0.9,29109,9,6.9,32523,10,44.6,3496,2,6.7,32210,10,11.4,20321,7,-1.3,31514,10,0.1,33592,10,18.1,29763,9,-1.1,20741,7,1,2568,1,0,15060,5,1520,324,311,968,144879.630423975,2617.14840494094
129,E01014622,Bristol 021A,Hillfields West,24.07,11723,4,34.73,94,4,25.5,11981,4,15.1,11140,4,21.7,13244,4,0.4,11506,4,0.5,10123,3,15.6,23336,7,39,5281,2,40,11981,4,19.8,13377,4,0.4,11167,4,0.2,14876,5,20.8,28093,9,1.4,10101,3,0.6,5840,2,0.7,5803,2,1805,361,307,1216,278551.06554855,3824.11653241756
130,E01014623,Bristol 021B,Mayfield Park,20.81,14063,5,41.66,122,5,21.8,14388,5,12.4,14624,5,25.3,11183,4,0.3,11851,4,0.4,11157,4,16.6,21944,7,28.3,10180,4,26.9,18519,6,28.9,8606,3,0.6,8523,3,0.2,13958,5,21.5,27567,9,1.6,9423,3,0.4,8779,3,0.2,11541,4,1816,386,317,1185,389046.100453625,4689.59266027527
131,E01014624,Bristol 018A,Lodge Hill,24.14,11663,4,34.55,93,4,28.4,10377,4,15.4,10896,4,38.9,5784,2,0.5,9237,3,0,16721,5,15.8,23115,7,12.8,21075,7,40.1,11964,4,24.1,10850,4,1,4458,2,0.3,7643,3,22.9,26467,8,1.3,10582,4,-0.1,17082,6,-0.5,25148,8,1790,398,310,1145,315925.0957039,3721.17959086888
132,E01014626,Bristol 021C,Speedwell,28.92,8827,3,26.15,75,3,32.8,8173,3,16.2,9975,3,32.2,8088,3,0.6,8660,3,1,4303,2,22.8,13378,4,13.4,20531,7,48.8,8457,3,32.4,7180,3,0.8,6194,2,0.3,10310,4,25.4,24361,8,2.9,6032,2,-0.2,20019,6,0,15871,5,2790,606,418,1870,715400.34118299,4469.20506697624
133,E01014627,Bristol 021D,Chester Park,18.59,15859,5,46.98,134,5,18.9,16524,5,10.5,17704,6,32.2,8063,3,0.1,14795,5,0.3,12355,4,16.1,22599,7,22.5,13576,5,31.4,16030,5,14.9,16858,5,1.1,4069,2,0.2,15280,5,22.4,26844,8,1.4,10093,3,0.2,11362,4,0,15295,5,2227,405,382,1509,314869.06663555,3672.95866285748
134,E01014629,Bristol 018D,Hillfields North,29.47,8528,3,25.26,73,3,34.1,7571,3,17.3,8929,3,40.5,5372,2,0.8,6088,2,0.5,9294,3,17.3,20920,7,12,21756,7,47,9131,3,26.5,9663,3,1,4220,2,0.3,6997,3,24.4,25283,8,1.6,9700,3,-0.1,18116,6,-0.5,24418,8,1540,340,240,1012,260716.89740475,3411.82689012225
135,E01014630,Bristol 005A,Sheridan Road,38.26,5077,2,15.04,36,2,39.7,5425,2,18.6,7752,3,44.8,4327,2,0.9,5646,2,1,4048,2,39.3,2327,1,7.9,26057,8,70.4,2270,1,61,1041,1,1.4,2232,1,0.3,8440,3,22.7,26682,8,6.1,973,1,-0.7,29451,9,0.1,14351,5,2196,390,286,1573,272814.164428325,2491.87435079356
136,E01014631,Bristol 004A,Monks Park,19.91,14792,5,43.82,126,5,18.4,16921,6,12.2,15006,5,9.5,23224,7,0.4,10705,4,0.5,10048,3,33.1,4784,2,14.1,19864,6,17.5,24860,8,25.9,9943,3,-0.5,24604,8,0.2,20036,6,24.2,25467,8,5,2103,1,-0.2,19164,6,0,15757,5,1237,199,332,777,489071.135182,4217.98414013287
137,E01014632,Bristol 004B,Filton Road,17.42,16901,6,50.07,143,6,19.7,15929,5,10.6,17662,6,12.6,20223,6,0.3,12680,4,-0.1,18530,6,31.1,5941,2,12.1,21737,7,27.7,18015,6,24.9,10448,4,0.2,13466,4,0.1,27692,9,23.1,26310,8,4.8,2493,1,-0.2,19704,6,-0.2,20040,6,2199,344,321,1616,415096.262034345,4007.77915353103
138,E01014633,Bristol 004C,Manor Farm,9.97,25013,8,74.1,198,8,11.6,23932,8,7.6,24136,8,7.5,25389,8,-0.5,24118,8,0.1,15112,5,20.2,16790,5,17.9,16833,5,17.5,24861,8,9.3,22878,7,-0.4,21989,7,0.2,26780,8,24.7,24960,8,2.3,7528,3,0.2,11997,4,-0.6,26527,8,1879,387,353,1219,368842.46280895,3589.67223732988
139,E01014634,Bristol 005B,Keys Avenue,9.02,26175,8,77.54,205,8,8.6,28013,9,4.7,31046,10,3.7,29723,9,-0.6,25509,8,-0.1,17908,6,26.5,9380,3,27.4,10711,4,16.6,25534,8,9.6,22509,7,-0.7,25981,8,0.1,31567,10,21.9,27286,9,4,3751,2,0.4,8644,3,0.1,13757,5,1816,222,217,1433,158734.34046115,2483.92704115747
140,E01014635,Bristol 010B,Wessex Avenue,9.55,25492,8,75.52,203,8,9.1,27299,9,5.4,29633,9,4.9,28312,9,-0.4,22508,7,0.3,12890,4,19.3,18031,6,30,9245,3,16.3,25811,8,7,26563,8,-0.5,23371,7,0.1,31501,10,23.2,26239,8,2.2,7757,3,0.4,8497,3,0.4,9645,3,2073,319,322,1506,250593.861878995,2666.74823458249
141,E01014636,Bristol 004D,Horfield Common,30.57,8010,3,23.73,68,3,29.6,9762,3,21.2,5865,2,29.2,9334,3,0.4,11178,4,1.1,3441,2,24.2,11796,4,18,16751,5,39,12390,4,20.2,13117,4,0.9,5765,2,0.2,14487,5,24.9,24845,8,3.3,5199,2,0,14983,5,0,15623,5,1632,369,328,1031,268849.828228175,3205.08584757817
142,E01014637,Bristol 010C,Wellington Hill,10.77,24059,8,71.28,192,8,5.7,31455,10,4.4,31616,10,1.1,32724,10,-0.2,20058,6,0.5,9934,3,12.8,27003,8,49.6,2339,1,4.4,33168,10,8.4,24232,8,-1.3,31517,10,0.1,32836,10,20.1,28565,9,0.7,12787,4,0.9,3279,1,0.9,4161,2,1652,183,264,1259,169384.510065675,2300.32067754047
143,E01014638,Bristol 003C,Lawrence Weston Parade,53.97,1733,1,5.13,18,1,45.2,3717,2,27.3,2728,1,71.4,524,1,1.6,1320,1,1.6,931,1,24.9,10993,4,15.6,18656,6,55.5,6066,2,41.3,4351,2,2.1,230,1,0.4,3064,1,32.5,17213,6,2.4,7156,3,-0.3,22453,7,0.4,8708,3,1885,406,391,1181,533016.407611175,5287.02401250146
144,E01014639,Bristol 003D,Lawrence Weston South,60.16,979,1,2.9,10,1,57.3,1243,1,35,799,1,72.1,477,1,1.2,3127,1,1.3,2351,1,28.4,7832,3,10.4,23418,7,73.9,1639,1,31.8,7407,3,1.8,601,1,0.4,1685,1,35.1,14646,5,2.8,6142,2,-0.4,24297,8,0,15788,5,1603,488,212,943,537759.864155125,5517.38023672589
145,E01014640,Bristol 003E,Lawrence Weston East,34.28,6434,2,19.06,55,3,36.1,6759,3,20.4,6431,2,49.8,3275,1,0.8,6145,2,0.7,6755,3,22,14472,5,10.7,23076,7,46.3,9392,3,30.5,7922,3,1.4,2037,1,0.3,5775,2,35.2,14532,5,1.2,11118,4,-0.3,22569,7,-0.1,17912,6,1651,429,257,1023,1054823.6434251,5696.48592595931
146,E01014641,Bristol 007A,Coombe Dingle East,14.04,20367,7,60.34,164,7,15.7,19412,6,11,16998,6,20.6,13947,5,-0.2,19675,6,0,16712,5,18.4,19338,6,10.2,23593,7,22.8,21090,7,12.2,19499,6,0.7,7081,3,0.2,25479,8,37.3,12549,4,-0.4,17805,6,-0.2,19586,6,-0.6,26846,8,1523,292,471,865,739922.213848025,6744.85642548228
147,E01014642,Bristol 007B,Coombe Dingle West,13.15,21282,7,63.05,172,7,15,20103,6,9.8,19102,6,12.6,20216,6,0,15895,5,0.1,15963,5,18.8,18671,6,12.3,21515,7,18.7,23970,8,14,17701,6,-0.2,19693,6,0.2,18968,6,35.7,14016,5,0.1,15313,5,-0.1,17661,6,-0.5,24981,8,1499,336,395,861,812539.831560475,5813.51227224369
148,E01014643,Bristol 007C,Sea Mills South,38.23,5086,2,15.07,37,2,36,6818,3,23.1,4715,2,48.1,3594,2,0.8,6649,2,1.2,2910,1,23.4,12673,4,22.2,13762,5,51.8,7367,3,27.7,9084,3,1.5,1726,1,0.3,7810,3,35.6,14111,5,1.4,10040,3,0.2,11897,4,0.1,14275,5,1416,281,342,890,1034478.5864352,5654.24658520638
149,E01014644,Bristol 007D,Sea Mills North,25.59,10730,4,31.79,89,4,29.1,9991,3,15.6,10678,4,41.4,5141,2,0.4,11418,4,0.6,8083,3,19.6,17621,6,6,28222,9,48.6,8525,3,21,12645,4,1.4,2261,1,0.3,11397,4,33.1,16606,5,0.9,12078,4,-0.6,27571,9,-0.4,22243,7,1684,369,342,1052,301952.59257705,3598.61948686083
150,E01014645,Bristol 042A,Red Lion Hill,18.61,15848,5,46.95,133,5,17.3,17855,6,13.1,13725,5,18.1,15741,5,0.3,11922,4,0.6,8007,3,11.4,28659,9,23.4,13033,4,20.7,22509,7,24,10924,4,0,16740,5,0.3,13719,5,24.2,25469,8,-0.1,16265,5,0.2,11205,4,0.1,13828,5,1663,231,434,1102,349352.66195012,4478.81651784989
151,E01014646,Bristol 042B,Knowle Park,23.05,12401,4,36.74,101,4,25.4,12047,4,16.2,10032,3,36.3,6593,2,0.3,11575,4,0.5,10224,4,11.1,29079,9,10.2,23609,7,35.1,14194,5,16.8,15351,5,0.8,6628,2,0.3,6604,2,25.1,24625,8,-0.3,17375,6,-0.2,20387,7,-0.5,24538,8,1804,345,415,1131,302317.06173355,3754.62068915873
152,E01014647,Bristol 044D,Ilminster Avenue East,43.8,3639,2,10.78,31,2,44.5,3913,2,23.9,4299,2,73.1,428,1,0.9,5824,2,1,3904,2,18,19871,6,9.7,24086,8,58.1,5280,2,36.2,5831,2,2.1,292,1,0.4,2326,1,26.3,23510,7,1.5,9773,3,-0.3,21742,7,-0.4,22602,7,1789,460,276,1115,245828.942241425,2842.85968321141
153,E01014648,Bristol 042C,Upper Knowle,12.9,21547,7,63.83,175,7,9.6,26609,8,8.2,22640,7,3.6,29926,9,-0.3,20290,7,0.3,12990,4,10.7,29505,9,50,2239,1,5.7,32644,10,17.5,14894,5,-0.9,28772,9,0.1,28922,9,20.6,28209,9,0,15712,5,1.1,1901,1,0.2,12227,4,1725,363,284,1133,360413.602453025,3977.88604172362
154,E01014649,Bristol 042D,Redcatch,8.96,26258,8,77.79,206,8,7.1,29979,9,8.1,22841,7,2.9,30653,10,-0.5,24368,8,-0.3,21719,7,8.8,31163,10,40.1,4892,2,5.2,32878,10,8,24720,8,-1,29208,9,0.1,30149,9,20.6,28236,9,-0.6,18467,6,0.8,3803,2,0.2,12866,4,1772,342,350,1180,233271.375025575,3760.63018134077
155,E01014650,Bristol 044E,Broadwalk,20.99,13938,5,41.29,118,5,20.2,15528,5,13.7,12901,4,35.5,6904,3,0.5,10258,4,0.5,10235,4,11.8,28273,9,12.1,21721,7,32.2,15623,5,15.9,16057,5,1,4706,2,0.3,9970,3,24.7,24975,8,-0.1,16092,5,-0.1,17136,6,-0.7,27656,9,1662,321,355,1053,243884.587666325,3390.32538353637
156,E01014651,Bristol 042E,Talbot Hill,7.31,28275,9,83.77,225,9,7.1,29891,9,5.1,30390,10,2.1,31670,10,-0.6,24437,8,-0.3,20759,7,7.8,32004,10,39.1,5251,2,10,30425,10,9.9,22148,7,-1,29392,9,0.1,32351,10,22.7,26642,8,-1.2,21557,7,0.9,3108,1,-0.4,22899,7,1784,345,302,1208,195196.28298251,2612.91884366377
157,E01014653,Bristol 055B,Easton Road,59.94,998,1,2.96,12,1,60.7,822,1,31.9,1371,1,53.3,2630,1,1.3,2634,1,1.4,1538,1,22.7,13558,5,45,3357,1,84.2,566,1,65.2,716,1,1.1,4001,2,0.4,2121,1,17.1,30298,9,3.4,4846,2,0.6,6381,2,1.4,1715,1,2748,740,269,1787,329393.346727675,4228.78578583419
158,E01014654,Bristol 056A,St Judes,46.92,2960,1,8.77,27,1,48.1,2982,1,24.1,4177,2,51.1,3030,1,0.8,6021,2,1.5,1123,1,20.3,16567,5,42.2,4186,2,67.2,2888,1,59.2,1210,1,1.1,3435,2,0.4,3104,1,16.8,30415,10,2.9,6027,2,0.5,7550,3,1.4,1798,1,2590,614,251,1765,378741.93130495,3745.86222498403
159,E01014655,Bristol 055C,Stapleton Road,42.43,3960,2,11.73,32,2,41.9,4706,2,22.2,5264,2,34.6,7224,3,0.9,5660,2,1.5,1206,1,15.9,22952,7,54,1562,1,69.4,2469,1,49.2,2607,1,1,4235,2,0.3,11951,4,16.6,30555,10,1.8,9030,3,1,2492,1,0.9,3795,2,2639,442,286,1991,180407.91577121,2701.87148864329
160,E01014658,Bristol 056B,St Philips,54.81,1621,1,4.8,16,1,61.6,721,1,30.7,1668,1,57.8,1915,1,1.3,2704,1,0.7,7233,3,24,12027,4,21.7,14138,5,73.3,1748,1,77.1,242,1,0.9,5093,2,0.5,950,1,19.1,29146,9,3.6,4461,2,0.2,12181,4,0,14723,5,2511,894,184,1428,784265.20581418,5280.55747829469
161,E01014659,Bristol 005C,Filton Avenue North,36.59,5595,2,16.58,46,2,39.7,5420,2,18.8,7633,3,40.5,5346,2,0.9,5153,2,0.8,5966,2,35.1,3840,2,11.1,22732,7,63.9,3681,2,57.5,1400,1,1.3,2695,1,0.3,10544,4,24.1,25494,8,5.4,1684,1,-0.3,21622,7,-0.2,18707,6,2188,396,248,1562,277250.08520015,3592.12294037986
162,E01014660,Bristol 014A,Lockleaze North,33.05,6922,3,20.51,63,3,30.8,9159,3,19.4,7080,3,37.8,6099,2,1.1,4009,2,0.8,6036,2,30,6588,2,4.3,30271,9,42.2,11032,4,34.3,6477,2,1.1,3593,2,0.3,10356,4,31.5,18223,6,3.8,4174,2,-0.6,27875,9,-0.7,27900,9,2233,445,443,1454,1279533.61510511,8778.66567177332
163,E01014661,Bristol 005D,Filton Avenue South,27.75,9443,3,27.98,80,3,31.9,8629,3,15.7,10504,4,38,6036,2,0.4,10322,4,0.4,11366,4,26.6,9374,3,16,18293,6,58.1,5281,2,27,9416,3,1.2,3328,1,0.3,10912,4,28.1,21753,7,3.5,4791,2,-0.1,18279,6,0.1,13290,4,1795,311,373,1194,367115.806188075,4328.27309415053
164,E01014662,Bristol 010D,Horfield Sports Ground,17.07,17202,6,50.96,146,6,22.4,13976,5,10.1,18534,6,17.2,16407,5,0.4,11228,4,-0.2,19077,6,15.5,23550,7,24.1,12635,4,31,16262,5,24.8,10469,4,0.3,11668,4,0.2,21287,7,25.4,24351,8,1,11844,4,0.1,13513,5,0.5,8028,3,1686,382,205,1146,420380.53608271,3744.60263675546
165,E01014663,Bristol 014B,Lockleaze South,37.01,5451,2,16.15,43,2,38.3,5935,2,22.3,5186,2,43.3,4673,2,0.9,5927,2,1,3748,2,26.5,9458,3,9.8,23951,8,49.5,8220,3,36.2,5839,2,1.2,3109,1,0.3,7221,3,32.2,17497,6,2.8,6086,2,-0.2,20073,6,-0.6,26706,8,1627,377,252,1028,381990.055755125,4102.07109162635
166,E01014664,Bristol 014C,Muller Road,31.11,7758,3,22.98,66,3,32,8542,3,15.2,11093,4,25.4,11147,4,0.9,5268,2,1.4,1684,1,22.6,13728,5,21.7,14118,5,42.8,10789,4,29.6,8251,3,0.7,7222,3,0.2,16298,5,28.8,21047,7,2.4,7207,3,0.1,14695,5,0.4,9449,3,1741,364,302,1136,778247.85640735,5860.38828205201
167,E01014665,Bristol 014D,Eastgate,19.83,14852,5,44,127,5,19.3,16226,5,10.6,17645,6,22.4,12801,4,-0.2,18685,6,0.7,7571,3,14.9,24356,8,42.2,4200,2,34.6,14439,5,12.3,19373,6,0.7,7785,3,0.2,19820,6,23.7,25851,8,1,11763,4,0.5,6996,3,1.2,2219,1,2189,413,368,1497,770277.1878751,4698.30528634286
168,E01014666,Bristol 017C,Cranbrook Road,2.77,32903,10,97.48,261,10,3.5,33139,10,3.9,32339,10,0.7,33143,10,-1.2,30823,10,-1.4,32420,10,3.4,33604,10,23.8,12781,4,1.6,33710,10,9.8,22229,7,-1.3,31718,10,0,33680,10,20.8,28081,9,-3.5,29988,9,0.3,10060,3,-0.1,16622,5,1919,435,355,1202,338533.351578925,3155.02872931851
169,E01014667,Bristol 017D,Westbury Park South,4.33,31571,10,93.53,254,10,3.6,33099,10,2.5,33495,10,0.3,33526,10,-1.1,30220,9,-1.4,32335,10,6.2,32859,10,38,5683,2,3.1,33479,10,5.4,29332,9,-1.6,32869,10,0.1,33639,10,19.2,29107,9,-1.5,22635,7,0.8,4382,2,0.1,12995,4,1704,328,241,1184,217222.222632475,3132.78313513607
170,E01014668,Bristol 020C,Berkeley Road South,5.93,29844,9,88.41,243,10,3.2,33266,10,2.9,33292,10,0.2,33621,10,-1.2,31110,10,-0.2,19812,6,7.3,32264,10,42.4,4131,2,2.7,33556,10,5.5,29181,9,-1.8,33230,10,0.1,33620,10,17.4,30135,9,-0.9,19775,6,0.9,2952,1,0,15736,5,1638,287,273,1167,172133.421496725,2369.15904879683
171,E01014669,Bristol 020D,Redland Court Road,5.9,29880,9,88.52,244,10,5.8,31310,10,4.4,31555,10,1.5,32317,10,-0.9,28110,9,-0.8,28039,9,8.3,31591,10,39.9,4972,2,9.1,30999,10,6,28312,9,-1,29642,9,0,33730,10,17.3,30209,9,-0.5,18082,6,0.9,2728,1,-0.6,26741,8,1641,238,198,1263,214256.190797625,2506.1889176021
172,E01014670,Bristol 020E,Zetland Road,10.45,24440,8,72.4,193,8,3.7,33031,10,4.8,30947,10,0.4,33453,10,-0.4,22947,7,0,16439,5,6.3,32817,10,60.9,787,1,1.9,33669,10,4.1,31410,10,-1.6,32676,10,0.1,33608,10,17,30331,9,-1.2,21516,7,1.3,907,1,0.4,9025,3,1543,217,214,1160,139863.098399945,2684.12066076426
173,E01014671,Bristol 020F,St Andrews Park,13.9,20515,7,60.78,168,7,6.5,30613,10,4.7,31183,10,0.9,32981,10,-0.2,20083,6,0.9,4671,2,12.2,27826,9,59.2,937,1,4.5,33149,10,18.1,14478,5,-1.3,31321,10,0,33711,10,16.6,30564,10,0.7,12659,4,1.2,1135,1,0.5,8031,3,1738,224,224,1364,185523.2320568,2710.39394702014
174,E01014672,Bristol 017E,Manor Park,5.99,29759,9,88.16,242,9,6.1,31022,10,4.6,31243,10,1.1,32715,10,-0.5,23975,8,-0.9,28284,9,9.5,30633,10,36.2,6397,2,6.5,32277,10,8.5,24067,8,-1.2,30830,10,0.1,33531,10,17,30365,9,-0.1,16223,5,0.8,4414,2,-0.1,16647,5,2183,230,494,1528,267615.551037225,3484.54934517791
175,E01014673,Bristol 027A,Two Mile Hill East,22.02,13134,4,38.91,110,5,22,14236,5,12,15260,5,26.4,10647,4,0.5,9400,3,0.5,9090,3,15.7,23224,7,30.3,9124,3,35.4,14046,5,23,11449,4,0.7,7127,3,0.2,15144,5,19.9,28663,9,1.5,9819,3,0.5,7503,3,0.2,12375,4,1929,331,352,1358,226466.4056924,2756.77790603516
176,E01014675,Bristol 027C,Two Mile Hill West,18.22,16174,5,47.92,139,6,18,17242,6,9.5,19698,6,20.4,14063,5,0.2,12836,4,0.5,9813,3,15.6,23379,7,33.6,7521,3,25.3,19506,6,17.8,14680,5,0.3,12539,4,0.2,14832,5,20.4,28371,9,1.5,10027,3,0.6,6014,2,0.2,12310,4,1738,315,318,1209,243286.016047625,4455.37189949756
177,E01014676,Bristol 027D,Kingsway,22.45,12840,4,38.04,106,4,22.9,13621,5,15.5,10734,4,28.5,9622,3,0.5,9354,3,0.3,12040,4,15.4,23690,8,18.1,16684,5,32.6,15433,5,23.7,11054,4,0.9,5510,2,0.2,16048,5,24.6,25047,8,1,11621,4,0.1,12924,4,-0.3,21697,7,1549,283,396,977,238606.205297175,3765.39725017698
178,E01014677,Bristol 033A,Crews Hole,8.74,26528,8,78.59,208,8,11.1,24492,8,5.6,29021,9,7.5,25340,8,-0.4,22421,7,-0.3,21752,7,22.9,13342,4,16.6,17848,6,18.8,23932,8,6.7,27023,9,-0.4,22569,7,0.2,26002,8,36.4,13422,4,1.2,11111,4,0.1,14242,5,-0.3,21737,7,1527,255,278,1078,483693.87043781,5170.8157471031
179,E01014678,Bristol 033B,Nags Head Hill,15.28,19007,6,56.31,156,6,14.6,20573,7,11.6,15843,5,15.1,18068,6,0,16622,5,0,16327,5,13.6,25968,8,30.8,8877,3,16.9,25325,8,11.3,20498,7,0.1,15019,5,0.2,19918,6,26.9,22959,7,0.2,14816,5,0.5,7336,3,0.2,12065,4,1690,283,360,1108,229626.831025935,4595.47356997771
180,E01014679,Bristol 033C,Bryants Hill,12.38,22154,7,65.63,179,7,11.6,23923,8,8.4,22034,7,24.4,11699,4,-0.2,18675,6,-0.2,19871,6,12.5,27400,9,22.2,13778,5,13,28257,9,10.6,21288,7,0.5,9103,3,0.2,14256,5,27.4,22507,7,-0.2,16750,5,0.3,10376,4,-0.2,19650,6,1610,262,404,1043,301187.282866625,3811.61536281402
181,E01014680,Bristol 033D,Conham Valley,8.62,26682,8,79.05,210,8,8.6,27958,9,7.5,24380,8,15.8,17463,6,-0.2,19995,6,-0.8,27344,9,13.3,26437,8,17.6,17045,6,14.8,26946,8,5.3,29517,9,0.3,12517,4,0.2,22384,7,33,16695,5,-1.1,21100,7,0.2,11225,4,-1.2,32307,10,1315,213,333,831,354831.668978,3803.50808309559
182,E01014681,Bristol 029D,Redfield,23.7,11995,4,35.54,99,4,20.7,15157,5,12.3,14748,5,22.8,12586,4,0.4,10398,4,0.8,5441,2,16.1,22635,7,42.1,4220,2,30.5,16500,5,31,7689,3,0.9,5822,2,0.2,25313,8,19.2,29090,9,1.7,9313,3,0.7,5012,2,0.8,5104,2,2576,417,356,1870,361234.897074295,4136.8696623107
183,E01014682,Bristol 028A,West St George,20.54,14305,5,42.38,125,5,18.8,16627,5,10.7,17423,6,14.5,18495,6,0.4,11110,4,1,3887,2,13.8,25711,8,35.7,6586,2,33.3,15096,5,12.7,18987,6,0.2,13567,5,0.2,23117,7,23.4,26097,8,0.7,12784,4,0.6,5968,2,0.4,9123,3,1740,298,318,1173,262698.21852035,4392.9963139753
184,E01014683,Bristol 028B,Clouds Hill,27.73,9460,3,28.03,81,3,27.8,10684,4,16.9,9305,3,20,14338,5,0.9,5950,2,0.8,6082,2,17,21362,7,33.6,7560,3,31.2,16117,5,46,3236,1,0.4,10705,4,0.2,17953,6,22.1,27105,9,1.7,9265,3,0.5,7012,3,0.4,8790,3,1869,273,368,1330,185727.2264914,3244.48778927324
185,E01014684,Bristol 029E,St Georges Park,23.01,12442,4,36.86,103,4,19.5,16057,5,12.3,14831,5,12.6,20203,6,0.7,7649,3,1.1,3431,2,13,26755,8,39.4,5147,2,35.4,14030,5,27.3,9275,3,0.3,12212,4,0.1,30394,10,19.9,28659,9,0.8,12540,4,0.7,4924,2,0.5,8096,3,1951,280,208,1502,365471.98194349,3405.50357625874
186,E01014685,Bristol 028C,Whiteway,33.61,6711,2,19.88,61,3,35.3,7094,3,20,6645,2,50,3224,1,0.9,5544,2,0.4,11239,4,21.9,14522,5,15.3,18849,6,52,7306,3,33.3,6843,3,1.3,2782,1,0.4,4232,2,25.8,24020,8,2.6,6660,2,0.1,13819,5,-0.7,28160,9,1665,349,238,1118,214715.685939175,2469.16183841551
187,E01014686,Bristol 028D,Plummers Hill,18.62,15831,5,46.9,132,5,20.9,14988,5,13.5,13102,4,22.9,12511,4,0.4,11193,4,0,16829,5,13.4,26283,8,16.8,17659,6,24,20355,7,22.9,11516,4,0.5,9217,3,0.2,16042,5,23.7,25813,8,0.5,13471,4,0,15338,5,-0.1,17729,6,1874,353,341,1250,270562.77977866,3101.35899950924
188,E01014687,Bristol 028E,East St George,22.99,12462,4,36.92,104,4,21.9,14351,5,12.9,13985,5,23.8,11992,4,0.7,7943,3,0.5,9467,3,18,19888,6,32,8310,3,39.3,12276,4,18.3,14364,5,0.6,8377,3,0.2,16250,5,23.3,26182,8,1.9,8756,3,0.5,7106,3,0.3,10808,4,1562,229,293,1123,223104.350760615,2362.95044055255
189,E01014688,Bristol 002A,Trymside,38.15,5104,2,15.12,38,2,39.1,5620,2,20.1,6626,2,51.9,2871,1,0.7,7023,3,1,4026,2,31.5,5694,2,13.2,20648,7,56,5924,2,33,6941,3,1.3,2617,1,0.4,3734,2,24.2,25424,8,4.8,2481,1,-0.1,17436,6,-0.4,22336,7,1899,449,264,1217,246388.1364661,2795.39162819405
190,E01014689,Bristol 002B,Southmead Central,58.3,1177,1,3.49,13,1,54.5,1665,1,26.3,3097,1,78.9,186,1,1.3,2542,1,1.8,598,1,30.6,6209,2,14.7,19337,6,71.3,2093,1,54.7,1759,1,2,410,1,0.5,993,1,24.4,25234,8,4.6,2728,1,0.1,14117,5,-0.8,29289,9,1636,361,257,1077,267907.12287315,4347.63302110262
191,E01014690,Bristol 002C,Southmead East,28.84,8854,3,26.23,76,3,29.3,9942,3,16.1,10155,4,37.9,6082,2,0.7,7589,3,0.7,7364,3,30.2,6444,2,6,28238,9,40.2,11894,4,40.7,4520,2,1,4171,2,0.3,8950,3,26.6,23194,7,4.4,3127,1,-0.4,24037,8,-0.9,30694,10,2282,486,310,1531,263576.172515705,4044.45158494596
192,E01014691,Bristol 002D,Southmead West,30.54,8024,3,23.77,69,3,30.5,9277,3,21,5960,2,31.7,8273,3,0.9,5294,2,0.7,7247,3,21.2,15423,5,9.9,23849,8,45.7,9646,3,21.3,12449,4,0.8,6054,2,0.3,11038,4,24,25596,8,2.6,6672,2,-0.2,19182,6,-0.8,29221,9,2042,369,588,1183,615892.190912625,4919.05686885031
193,E01014692,Bristol 002E,Fonthill,33.9,6587,2,19.51,57,3,34.3,7496,3,17.5,8693,3,39.6,5594,2,0.8,6443,2,0.5,10079,3,40,2100,1,13.5,20375,7,47.7,8869,3,27.6,9117,3,0.9,5000,2,0.3,6418,2,25.9,23898,8,6,1036,1,-0.1,18249,6,-0.2,19249,6,1762,383,249,1177,276915.001051125,3418.71562426688
194,E01014693,Bristol 002F,Charlton Mead,7.07,28569,9,84.64,228,9,7.3,29628,9,6.1,27723,9,12.3,20518,7,-0.6,24617,8,-1.2,30905,10,24.5,11397,4,6.9,27188,9,12.5,28690,9,4.1,31394,10,-0.2,20039,6,0.2,19149,6,36.2,13566,5,1.6,9447,3,-0.3,22317,7,-1.1,31961,10,1418,219,426,868,762533.580735645,4887.3794543782
195,E01014694,Bristol 002G,Southmead North,31.23,7708,3,22.84,65,3,32.6,8282,3,20,6675,2,38.9,5797,2,1,4719,2,0.6,8114,3,19.8,17264,6,7.6,26468,8,44,10329,4,26.7,9544,3,0.9,5619,2,0.3,6118,2,26.4,23411,7,2,8306,3,-0.3,21336,7,-1.1,32280,10,1735,361,347,1080,336779.210459275,4279.20701411223
196,E01014695,Bristol 036A,Bower Ashton,23.55,12088,4,35.81,100,4,22,14276,5,15.5,10729,4,8.6,24110,8,0.8,6745,2,1,3700,2,13.5,26188,8,28.1,10294,4,21.6,21897,7,38.6,5112,2,-0.5,23464,7,0.2,22671,7,21.9,27245,9,0.7,12651,4,0.2,11287,4,0.6,6591,2,2078,281,453,1487,1142853.82368996,7008.85883108492
197,E01014696,Bristol 036B,Hamilton Road,6.08,29653,9,87.85,240,9,7.6,29259,9,4.2,31877,10,0.6,33230,10,-0.7,26822,8,-0.2,19975,6,7.7,32048,10,33.5,7598,3,12,29089,9,12.7,18917,6,-1.4,31971,10,0,33678,10,18.5,29540,9,-0.8,19554,6,0.8,4212,2,-0.7,27603,9,1872,378,183,1359,121005.310892725,2501.56875240083
198,E01014698,Bristol 036C,Stackpool Road,7.79,27712,9,82.1,222,9,9.4,26849,8,4.3,31865,10,1.6,32151,10,-0.4,22696,7,-0.5,24044,8,9.9,30236,9,40.4,4787,2,13.7,27814,9,20.9,12689,4,-1,29421,9,0.1,33552,10,16,30789,10,0.1,15368,5,0.9,3161,1,-0.1,18286,6,1957,286,236,1524,146022.617903955,2366.36937890551
199,E01014699,Bristol 036D,Coronation Road West,19.16,15366,5,45.52,128,5,19.5,16090,5,11.2,16527,5,7.7,25165,8,0.4,11285,4,0.7,7388,3,13.9,25653,8,39,5291,2,26.3,18843,6,25.6,10090,3,-0.1,18622,6,0.1,31029,10,20.6,28189,9,1,11770,4,0.8,3641,2,-0.1,16711,5,1606,245,230,1180,172796.22726495,3187.03199808175
200,E01014700,Bristol 036E,Ashton,6.22,29504,9,87.41,237,9,5.8,31412,10,6,28113,9,3.3,30259,9,-0.6,24504,8,-0.3,21061,7,7.9,31893,10,28.3,10224,4,5.1,32930,10,4.4,30914,10,-0.9,28587,9,0.1,29845,9,20.5,28254,9,-0.9,20050,6,0.5,7135,3,-0.2,18703,6,1655,316,277,1137,252529.346249275,3961.69925354809
201,E01014701,Bristol 036F,Coronation Road East,11.11,23658,8,70.09,190,8,9.4,26836,8,6.5,26859,8,2.6,31081,10,0.2,14030,5,-0.1,18451,6,10.1,30032,9,42.5,4073,2,10.9,29838,9,15.9,16034,5,-0.8,27686,9,0.1,32863,10,17.4,30138,9,0.1,15397,5,1,2528,1,-0.3,21053,7,1871,278,188,1466,140287.116368625,2753.65482746029
202,E01014702,Bristol 049A,Stockwood Lane North,10.07,24889,8,73.73,197,8,12.1,23273,7,7.7,23890,8,16.1,17213,6,-0.2,18873,6,-0.3,20567,7,16.4,22193,7,9.1,24688,8,28.9,17343,6,5,29905,9,0,15929,5,0.2,17128,6,42.3,8866,3,-3.4,29659,9,-0.2,19085,6,-1.4,33158,10,1478,237,466,852,398648.58021614,3793.52290964075
203,E01014703,Bristol 049B,Burnbush Hill,36.42,5655,2,16.75,47,2,34.7,7314,3,23.3,4637,2,45.6,4139,2,1.1,4028,2,0.9,4691,2,19.2,18176,6,12.4,21417,7,52.8,7008,3,22.6,11682,4,1.1,4022,2,0.4,4522,2,37.2,12626,4,-0.1,16451,5,0,15494,5,-1.4,33225,10,1544,285,354,1025,846196.96568725,5415.45325638772
204,E01014704,Bristol 049C,Woodleigh Gardens,18.63,15827,5,46.89,131,5,23.5,13248,4,13.8,12800,4,24.3,11767,4,-0.1,18529,6,0.5,10116,3,14.3,25190,8,10.9,22849,7,38.9,12439,4,15.1,16731,5,0.5,9891,3,0.3,13291,4,32.6,17063,6,-0.7,18904,6,-0.2,19316,6,-0.5,24804,8,1871,352,451,1176,393928.263761225,3399.77203950152
205,E01014705,Bristol 049D,The Coots,8.42,26944,8,79.82,212,8,14.5,20659,7,6.5,26855,8,12.8,20069,6,-0.3,20661,7,-0.7,26573,8,13.3,26403,8,9.1,24815,8,18,24483,8,18.7,14088,5,-0.4,22388,7,0.2,16420,5,37.7,12197,4,-3.1,28711,9,-0.2,19094,6,-1.6,33559,10,1366,206,512,743,276709.698904225,3094.60728029903
206,E01014706,Bristol 049E,Burnbush,50.1,2355,1,6.98,22,1,41.2,4951,2,27.5,2626,1,70.3,589,1,1.5,1494,1,1.5,1369,1,18.9,18503,6,9.9,23918,8,40.5,11766,4,47.8,2883,1,2,335,1,0.4,2887,1,32.5,17180,6,0.8,12355,4,-0.1,18620,6,-1.1,31627,10,1378,247,467,774,236891.5022403,3454.74897252252
207,E01014707,Bristol 049F,Stockwood Lane South,16.79,17477,6,51.78,149,6,14.7,20396,7,12.6,14449,5,30.6,8706,3,0.1,15415,5,0.4,11518,4,13.5,26183,8,9.2,24647,8,25.4,19400,6,7.5,25699,8,0.7,7158,3,0.3,10351,4,38,11966,4,-3.1,28757,9,-0.2,19328,6,-1.1,31998,10,1614,293,498,919,347779.704845155,4025.20774569261
208,E01014708,Bristol 049G,Hazelbury,12.33,22202,7,65.77,180,7,13.2,22029,7,10.3,18233,6,16.8,16690,5,0,16502,5,-0.1,18285,6,8.8,31186,10,15.5,18696,6,21.9,21726,7,10.3,21660,7,0,15796,5,0.2,16286,5,30.5,19294,6,-2.6,27100,9,0,15453,5,-0.3,21149,7,1897,300,535,1171,547769.269115425,4046.6732348209
209,E01014709,Bristol 015A,Sneyd Park and the Downs,8.33,27068,9,80.19,214,8,3.8,32926,10,2.4,33529,10,2,31697,10,-1.4,32072,10,0.6,8814,3,18.9,18505,6,38.6,5461,2,4.6,33109,10,4,31577,10,-0.9,28617,9,0.1,33291,10,41.5,9437,3,-1.4,22389,7,0.8,4253,2,0.2,12730,4,1289,157,466,741,2268381.25865508,12128.0083811342
210,E01014710,Bristol 015B,Rockleaze,3.53,32270,10,95.6,256,10,2.2,33605,10,1.7,33676,10,3.2,30316,9,-1.8,33107,10,-1.1,30243,9,11.5,28621,9,28.6,10068,3,2.3,33635,10,2.6,33069,10,-0.6,25467,8,0.1,33627,10,32,17733,6,-1.6,23278,7,0.6,6063,2,-0.6,25776,8,1611,195,363,1125,302808.70190488,3976.31496734079
211,E01014711,Bristol 015C,Stoke Bishop North,3.5,32300,10,95.69,257,10,4.4,32573,10,6.3,27310,9,0.2,33618,10,-1.2,30831,10,-0.7,26097,8,13.9,25688,8,11,22811,7,5.3,32851,10,2.9,32878,10,-2.1,33571,10,0.1,33272,10,35.5,14235,5,-1.7,23432,7,-0.2,19854,6,-0.4,23131,7,1350,265,492,662,451725.3819022,5223.86568866702
212,E01014712,Bristol 015D,Stoke Bishop South,9.73,25276,8,74.88,202,8,12.4,22952,7,8.6,21598,7,4.3,29079,9,-0.3,20275,7,0,16178,5,16.3,22421,7,13.7,20246,6,12.9,28381,9,13.9,17728,6,-0.6,25314,8,0.1,30861,10,34.3,15373,5,-0.4,17521,6,0,16300,5,-0.5,24535,8,1290,243,390,736,443175.800603575,6161.07021365326
213,E01014713,Bristol 015E,Old Sneed Park,3.63,32180,10,95.33,255,10,3.2,33280,10,4.4,31551,10,0.9,32912,10,-1.2,30949,10,-1.2,31024,10,17.7,20255,7,19.6,15579,5,5,32965,10,2.6,33122,10,-1.4,31877,10,0.1,32979,10,40.8,9879,3,-1.8,23815,8,0.3,11048,4,-0.5,24907,8,1370,203,553,740,774949.453538275,4674.06509902876
214,E01014714,Bristol 015F,University Halls,2.06,33367,10,98.85,266,10,0.9,33751,10,0.7,33747,10,0.3,33553,10,-1.5,32393,10,-1.9,33529,10,8.1,31714,10,21.1,14527,5,1.3,33731,10,4,31585,10,-2.1,33555,10,0.1,33016,10,29.9,19876,6,-2.8,27926,9,0.4,9033,3,-1.1,31690,10,3665,352,492,2812,609066.70927496,4757.46238678807
215,E01014715,Bristol 009A,Canford Park,2.59,33054,10,97.92,262,10,4,32860,10,3.6,32777,10,0.3,33583,10,-1.3,31413,10,-0.7,27163,9,6.5,32723,10,18.8,16190,5,5.3,32835,10,3.2,32545,10,-2.2,33630,10,0.1,33074,10,28,21904,7,-3.2,29202,9,0.2,12302,4,-0.3,22107,7,1733,413,466,936,453013.559527175,4077.94123314582
216,E01014716,Bristol 009B,Canford Lane,2.17,33305,10,98.67,265,10,2.6,33489,10,2.7,33383,10,0.3,33558,10,-1.3,31600,10,-1.1,30387,10,12.8,27013,9,14.6,19452,6,2,33660,10,2.5,33178,10,-1.7,33130,10,0.1,33469,10,35.9,13885,5,-2.4,26359,8,-0.1,17473,6,-0.1,18216,6,1575,324,473,861,715035.102941275,6087.67499906932
217,E01014717,Bristol 009C,Elmlea,3.19,32561,10,96.46,259,10,3.9,32892,10,3.8,32444,10,0.2,33658,10,-0.9,28813,9,-2.1,33661,10,6.8,32593,10,26.3,11342,4,1.5,33717,10,6.5,27393,9,-2,33453,10,0.1,33515,10,27.9,21998,7,-3,28388,9,0.5,7900,3,-0.2,19817,6,1708,351,675,726,541024.34406518,4507.02081393064
218,E01014718,Bristol 009D,Henbury Hill,2.54,33085,10,98.02,263,10,5.1,31998,10,2.8,33335,10,0.5,33420,10,-0.9,28166,9,-1.4,32128,10,11.8,28212,9,14.3,19647,6,5.7,32642,10,4.5,30760,10,-1.7,32946,10,0.1,33216,10,28.5,21371,7,-0.6,18727,6,0.1,14719,5,-0.7,28083,9,1567,279,516,860,821769.717938675,5282.13481371078
219,E01014719,Bristol 006B,Westbury Village,7.07,28559,9,84.61,227,9,5.9,31301,10,5.7,28884,9,0.5,33409,10,-0.9,28627,9,-0.2,20087,6,8.5,31436,10,41.1,4555,2,4.6,33091,10,6.9,26655,8,-2,33490,10,0.1,32655,10,24.3,25348,8,-1.2,21218,7,0.8,4177,2,0.4,8997,3,1469,284,370,903,272867.7659475,2994.17297652194
220,E01014720,Bristol 006C,Lake Road,16.83,17438,6,51.66,148,6,19.5,16052,5,13.5,13103,4,8.2,24530,8,0.3,12126,4,0.1,15408,5,15.8,23127,7,20.8,14741,5,19.3,23535,7,20.8,12762,4,-0.3,20179,6,0.2,27289,9,25.8,23942,8,1,11730,4,0.2,11295,4,-0.2,19906,6,1615,310,445,923,314105.678763025,3001.58662047926
221,E01014721,Bristol 006D,Westbury North,6.58,29111,9,86.24,231,9,10.6,25295,8,8.9,21059,7,0.6,33321,10,-0.7,26824,8,-0.7,26574,8,7.7,32042,10,16.8,17723,6,10.3,30193,9,10.8,20987,7,-1.8,33269,10,0.1,32613,10,24.3,25370,8,-1.5,22773,7,0.1,13821,5,-0.4,22773,7,1743,353,617,876,415666.6120308,6082.2218745217
222,E01014722,Bristol 052C,Tanorth Road,9.95,25037,8,74.17,199,8,11.6,23930,8,8.7,21482,7,16.2,17178,6,-0.3,21029,7,-0.3,20807,7,11.8,28257,9,12.9,20983,7,21.7,21836,7,6.5,27422,9,-0.1,17676,6,0.2,15373,5,34.1,15630,5,-2.2,25665,8,0,15015,5,-1.4,33274,10,1589,317,477,922,283913.6845559,3395.42515707447
223,E01014723,Bristol 052D,Court Farm Road,7.29,28304,9,83.85,226,9,7.8,28991,9,6.4,27017,9,15.8,17438,6,-0.2,19717,6,-0.7,26205,8,11.3,28864,9,11.3,22430,7,11.9,29142,9,5,29960,9,-0.4,22759,7,0.3,12282,4,33.5,16231,5,-2.3,25920,8,0,16484,5,-1.8,33666,10,1382,259,393,822,292491.502608895,3370.67065265082
224,E01014725,Bristol 052E,Whitchurch,4.69,31234,10,92.53,249,10,7.5,29346,9,5.9,28506,9,11.5,21250,7,-0.8,27121,9,-0.9,28853,9,13.1,26624,8,3.9,30717,10,19.7,23249,7,1.4,33685,10,-0.3,21076,7,0.2,19502,6,38.4,11703,4,-3.7,30367,9,-0.5,26529,8,-1.4,33322,10,1472,214,573,836,256881.972855,3377.26627964698
225,E01014726,Bristol 053B,Hareclive,70.55,265,1,0.79,2,1,61.3,757,1,38.9,350,1,85.6,62,1,1.8,643,1,2.2,111,1,14.5,24876,8,6.7,27412,9,79.8,897,1,58.1,1324,1,2.2,181,1,0.5,655,1,30.2,19572,6,-0.1,16106,5,-0.3,22685,7,-1.1,31620,10,1692,439,238,1072,442213.58018655,4228.90980937871
226,E01014727,Bristol 053C,Bishport Avenue East,59.97,993,1,2.94,11,1,56.3,1403,1,32.8,1159,1,80.5,148,1,1.4,2097,1,1.6,852,1,16.1,22591,7,7.2,26853,8,77.4,1143,1,37.2,5524,2,2.4,78,1,0.4,1608,1,33.1,16612,5,-0.1,16408,5,-0.3,21973,7,-1.1,31723,10,1593,444,251,944,313219.132809275,3556.73922020747
227,E01014729,Bristol 040A,Marksbury Road,35.75,5894,2,17.46,49,2,40.6,5116,2,18.6,7750,3,55.2,2307,1,0.8,6452,2,1,4185,2,17.9,20023,6,10.3,23428,7,72.4,1904,1,35.6,6045,2,2,333,1,0.3,11974,4,23.2,26197,8,1.8,8824,3,-0.3,21435,7,-0.3,21200,7,1832,388,180,1298,361039.485922175,3528.75023678275
228,E01014730,Bristol 037A,Lower Totterdown,23.95,11808,4,34.98,95,4,22.7,13748,5,11.9,15335,5,10.7,22076,7,0.8,6353,2,1.1,3079,1,15.4,23694,8,36.5,6304,2,45.8,9614,3,43.2,3895,2,0.1,14883,5,0.1,29776,9,18.5,29568,9,1.5,9806,3,0.4,9102,3,1.1,2971,1,1656,161,177,1391,280463.2520454,3675.93632520832
229,E01014731,Bristol 037B,Upper Totterdown,21.4,13601,5,40.29,114,5,19,16386,5,11.2,16601,5,21.9,13078,4,0.6,8417,3,0.3,11846,4,15.2,23825,8,41.2,4527,2,40.4,11811,4,24.3,10742,4,1,4874,2,0.1,32195,10,19,29215,9,1.5,10030,3,0.8,3642,2,0.2,12012,4,1589,198,185,1275,104111.272437725,1617.01417593851
230,E01014732,Bristol 037C,Wells Road,16.15,18087,6,53.58,151,6,13.7,21549,7,9.7,19433,6,5.8,27316,9,0.1,15637,5,0.2,13121,4,16,22754,7,48.7,2490,1,19.2,23606,7,16.8,15341,5,-0.3,21563,7,0.1,31721,10,19.6,28912,9,1.6,9441,3,0.9,2729,1,0.6,7098,3,1690,296,159,1289,167451.98486955,2441.84566958115
231,E01014733,Bristol 040B,Windmill Hill West,10.35,24556,8,72.75,194,8,15.1,19960,6,6.4,27000,8,6.4,26638,8,-0.5,23466,7,-0.1,18036,6,10.4,29735,9,33.7,7510,3,28.3,17732,6,13.1,18535,6,-0.2,19857,6,0.1,32621,10,17.8,29887,9,0.2,15111,5,0.7,4801,2,-0.2,20219,6,1848,359,185,1353,150204.840299625,1986.16542857708
232,E01014734,Bristol 040C,Windmill Hill East,14.22,20160,6,59.72,162,7,14.9,20250,6,8.7,21462,7,5.1,28196,9,-0.4,21860,7,0.4,11256,4,10.8,29408,9,46.1,3092,1,23.5,20655,7,10.1,21815,7,-0.4,22536,7,0.1,32349,10,18,29798,9,0.2,14741,5,1.1,1941,1,-0.3,20977,7,1660,402,195,1111,205365.865673075,3520.74542246903
233,E01014735,Bristol 037D,Victoria Park,10.21,24713,8,73.21,195,8,10.4,25558,8,7.2,25077,8,5.9,27189,9,-0.2,19171,6,-0.1,18723,6,9.9,30242,9,36,6466,2,14.1,27522,9,6.5,27420,9,-0.3,21068,7,0.1,32103,10,20,28617,9,-0.2,16562,5,0.8,4169,2,-0.2,19397,6,1810,342,303,1247,355150.278322075,3624.05120200917
234,E01014736,Bristol 040D,St Johns Lane,21.55,13481,4,39.94,113,5,26.5,11432,4,12,15226,5,30.4,8781,3,0.3,12780,4,0.5,9577,3,13.9,25638,8,21.6,14194,5,43.7,10445,4,34.4,6439,2,1.1,4102,2,0.2,17888,6,20.9,27992,9,1,11840,4,0.3,11103,4,-0.2,18478,6,2147,423,311,1483,246157.814073095,3790.94068271223
235,E01032514,Bristol 053E,Bishport Avenue,72,211,1,0.63,1,1,64.9,431,1,40.3,250,1,86.9,49,1,1.7,988,1,2.1,213,1,15.1,24102,8,8.7,25227,8,83.8,594,1,40.5,4579,2,2.4,60,1,0.5,774,1,29.2,20642,7,0.3,14540,5,-0.2,19651,6,-1.4,33162,10,2132,616,335,1271,272597.869844885,3099.08137080251
236,E01032515,Bristol 053F,Whitchurch Park West,64.31,627,1,1.86,6,1,63.4,551,1,38.7,360,1,67.3,790,1,1.6,1395,1,1.3,2046,1,15.3,23783,8,10.9,22841,7,88.5,328,1,29,8563,3,1.8,602,1,0.4,2788,1,32.3,17433,6,-0.2,16871,5,-0.1,17331,6,-1.1,31827,10,2325,624,328,1448,1066121.98678411,5687.32875962844
237,E01032516,Bristol 001G,Blaise,20.75,14106,5,41.79,123,5,21.2,14808,5,13.5,13141,4,24.5,11625,4,-0.2,19980,6,1.2,2527,1,13.3,26385,8,15.2,18952,6,41,11529,4,8.6,23923,8,0.7,6877,3,0.2,18477,6,37.1,12727,4,-2.7,27495,9,-0.2,19153,6,0.1,13415,4,1999,356,571,1178,1468832.17989872,7009.21953928684
238,E01032517,Bristol 001H,Crow Lane South,29.86,8346,3,24.73,72,3,33.5,7889,3,19.8,6867,3,34.5,7237,3,0.6,8273,3,0.9,5062,2,16.7,21833,7,11.3,22491,7,57.1,5598,2,15.8,16108,5,0.9,5361,2,0.3,9584,3,28.8,21086,7,0.8,12308,4,-0.1,17759,6,-0.7,28573,9,1846,386,303,1224,330543.8674194,3631.99179061468
239,E01032518,Bristol 018E,East Hillfields,39.29,4770,2,14.13,34,2,42.9,4413,2,25.7,3395,2,46.3,3980,2,1,4391,2,0.7,7501,3,18.5,19143,6,14.2,19806,6,50.2,7968,3,44.3,3626,2,1,4188,2,0.4,4056,2,24.9,24792,8,1.8,8853,3,0.1,14401,5,-0.9,30283,9,2081,525,307,1311,280144.378129,3912.54948262917
240,E01032519,Bristol 018F,Staple Hill Road South,13.61,20804,7,61.63,170,7,16.7,18428,6,8.5,21953,7,16.5,16955,6,-0.2,18977,6,-0.1,18374,6,12.2,27832,9,31,8770,3,30.4,16560,5,11.4,20342,7,0.4,11015,4,0.2,23958,8,23.5,26015,8,0.2,14918,5,0.6,5986,2,-0.2,18409,6,1241,218,259,811,158720.594640575,2204.26621762816
241,E01033342,Bristol 025E,St James Barton,21.36,13626,5,40.37,115,5,12.7,22610,7,5.5,29228,9,12.2,20575,7,1,4931,2,1.8,617,1,20.6,16271,5,27.1,10884,4,64.3,3586,2,45.5,3340,1,0.3,12000,4,0.1,31987,10,12.4,31993,10,3.1,5586,2,-0.3,21126,7,1.4,1538,1,2220,133,54,2031,181829.430262475,2957.40104405199
242,E01033344,Bristol 060D,Brandon Hill,13.65,20766,7,61.52,169,7,10.2,25725,8,5.3,29738,9,7,25939,8,0.4,10983,4,0.9,4819,2,15.2,23828,8,29.8,9373,3,42.7,10832,4,22.4,11824,4,-0.2,19164,6,0.1,32033,10,12.9,31859,10,1.7,9174,3,0.2,12044,4,0.9,4329,2,2087,96,95,1917,280031.69636854,3159.95714347884
243,E01033347,Bristol 059D,St Pauls Portland Square,18,16353,5,48.45,140,6,11.6,23873,8,7.5,24270,8,28.6,9574,3,0.2,13580,5,1.1,3477,2,16.9,21507,7,27.3,10761,4,29.9,16832,5,48.7,2694,1,1.3,2614,1,0.1,31300,10,12.3,32038,10,2.2,7865,3,-0.1,17743,6,1.2,2403,1,2880,285,79,2528,194974.118794745,2465.97091097618
244,E01033348,Bristol 059C,St Pauls City Road,36.67,5570,2,16.5,45,2,32.8,8166,3,15.8,10461,4,34.6,7203,3,1.1,3822,2,2,244,1,17,21290,7,34,7329,3,56.5,5750,2,66.6,636,1,1.4,2081,1,0.2,22409,7,12.2,32073,10,2.2,7751,3,0.2,12112,4,1.3,2113,1,1209,171,57,1002,66235.0194175,1946.87713015066
245,E01033350,Bristol 061D,Spike Island,13.99,20414,7,60.48,166,7,12.3,23077,7,8,23151,7,14.6,18438,6,0.1,15321,5,0.6,8004,3,18.7,18786,6,20,15323,5,52.3,7165,3,13.6,18028,6,0.5,9514,3,0.1,32494,10,25.7,24079,8,1.8,8908,3,-0.1,16969,6,0.4,8713,3,1135,45,236,935,437412.51453793,4138.9620623154
246,E01033352,Bristol 054A,The Dings,20.93,13985,5,41.43,119,5,23.6,13175,4,8.7,21336,7,18.2,15664,5,1,4850,2,0.5,8999,3,16.1,22671,7,24.6,12329,4,74.9,1495,1,76,272,1,0.7,7191,3,0.1,31064,10,16.5,30568,10,1.8,8869,3,-0.3,21363,7,1.2,2326,1,1834,178,39,1621,549355.7488458,4332.54727084492
247,E01033353,Bristol 054B,Old Market and Temple Meads,21.21,13748,5,40.73,116,5,13.7,21471,7,8.2,22666,7,27.7,10006,3,1.2,3305,1,0.6,8174,3,14.9,24324,8,30,9269,3,42.3,10986,4,68.8,521,1,1.2,3232,1,0.1,28120,9,13.9,31619,10,1.6,9540,3,-0.1,17031,6,1.4,1685,1,2279,104,74,2136,730319.49179415,7654.24292444707
248,E01033356,Bristol 056C,Barton Hill,53.99,1730,1,5.13,17,1,57.2,1252,1,26,3211,1,55.4,2285,1,1.7,1093,1,0.9,4529,2,26.7,9234,3,28.7,9980,3,78.7,997,1,89.2,86,1,1.3,2311,1,0.4,2996,1,16.6,30535,10,4.3,3258,1,0.1,14102,5,1,3468,2,1701,482,156,1086,164757.49322525,2188.54311370709
249,E01033358,Bristol 054D,Cabot Circus,52.79,1906,1,5.65,20,1,47.9,3027,1,23.6,4444,2,52.5,2759,1,1.7,989,1,1.6,995,1,30.8,6098,2,35.4,6726,2,68.8,2571,1,84.1,128,1,1.5,1564,1,0.3,5619,2,14,31556,10,5.1,2063,1,0.2,12674,4,1.5,1441,1,2609,634,136,1794,260725.881681935,3066.76632444778
250,E01033359,Bristol 039E,Bedminster East,33.87,6598,2,19.55,58,3,26.7,11317,4,14.9,11469,4,17.1,16506,5,1.7,985,1,1.7,796,1,16.2,22494,7,31.8,8417,3,56.4,5816,2,39.6,4822,2,0.6,8598,3,0.1,28924,9,14.5,31399,10,1.9,8524,3,0,15125,5,1.4,1702,1,1739,168,128,1494,444470.67924425,3816.67721888042
251,E01033361,Bristol 039F,Bedminster West,33.66,6690,2,19.82,59,3,27.6,10790,4,17.4,8860,3,17.7,15984,5,1.4,2285,1,1.8,556,1,14.8,24435,8,30.9,8842,3,33.5,14999,5,48.1,2815,1,0.4,11098,4,0.2,21256,7,13.7,31654,10,1.6,9608,3,0.3,10532,4,0.8,5099,2,1470,123,310,1164,268141.130872,3776.90440400385
252,E01033362,Bristol 039G,West Street East,23.7,11992,4,35.53,98,4,18.8,16566,5,10.7,17434,6,16.5,16898,6,1.6,1317,1,0.5,9469,3,12.6,27313,9,26.7,11162,4,32.1,15698,5,49.6,2555,1,0.6,7883,3,0.1,32931,10,17,30339,9,0.8,12294,4,-0.1,18385,6,1.2,2451,1,1295,113,138,1063,91449.723962675,2068.35679400322
253,E01033364,Bristol 039H,West Street West,15.16,19153,6,56.74,157,6,12.4,22984,7,7.5,24227,8,18.4,15478,5,0.2,13858,5,0.5,10151,4,11.1,29027,9,37.4,5908,2,18.9,23824,8,27.5,9144,3,0.7,6889,3,0.1,31648,10,16.7,30497,10,0.4,13937,5,0.7,5290,2,0.4,9273,3,1798,216,224,1420,152877.974988495,3711.60096353222
254,E01033366,Bristol 059B,St Pauls Grosvenor Road,40.91,4358,2,12.91,33,2,46.5,3366,1,22.3,5145,2,42,4989,2,0.8,6135,2,1.2,2732,1,22.9,13345,4,26.6,11173,4,57,5627,2,96.6,40,1,1.2,3262,1,0.3,7779,3,13.5,31727,10,3.6,4538,2,0.1,13130,4,0.7,5784,2,1562,412,107,1040,92560.340501185,1666.76599935531
255,E01033367,Bristol 025F,Stokes Croft West,45.55,3254,1,9.64,29,2,36.9,6463,2,23.3,4613,2,19.6,14663,5,1.7,1023,1,2.5,42,1,16.7,21788,7,47.2,2829,1,67.8,2786,1,67.3,595,1,0.6,8428,3,0.2,23604,7,12.5,31973,10,2.1,8005,3,0.8,3620,2,0.8,4830,2,1432,194,92,1187,90927.56797254,1631.23232751958
256,E01033369,Bristol 056D,Newtown,47.51,2845,1,8.43,26,1,54.7,1643,1,25.9,3274,1,50.9,3077,1,1,4908,2,0.9,5167,2,21,15730,5,34.7,7023,3,72.8,1820,1,60.1,1119,1,1.2,3303,1,0.4,3303,1,17.4,30132,9,3,5741,2,0.3,11141,4,1.2,2363,1,1468,389,227,888,298832.0203774,4581.89569917155
257,E01033370,Bristol 054E,Redcliffe South,55.45,1541,1,4.57,15,1,47.4,3152,1,28.5,2317,1,54.5,2409,1,1.7,998,1,1.7,710,1,23,13130,4,40.2,4873,2,62.9,3941,2,73.4,337,1,1.7,966,1,0.3,6822,3,14.8,31279,10,3.6,4531,2,0.4,8629,3,1.4,1801,1,1373,335,129,940,126099.4752449,2204.13071001736
258,E01033902,Bristol 054F,Redcliffe Quays,13.99,20407,7,60.46,165,7,12,23412,7,10,18789,6,11.9,20854,7,0.3,12779,4,0.1,15537,5,11.9,28116,9,30.2,9161,3,26.6,18662,6,22.3,11876,4,0.3,11801,4,0.1,33401,10,14.3,31484,10,0.8,12555,4,0.3,11145,4,0.8,4938,2,1387,69,82,1254,105247.8742094,1841.3481033246
259,E01033903,Bristol 054G,Redcliffe Temple,22.44,12846,4,38.06,107,4,26.1,11615,4,11.1,16666,5,8.4,24377,8,1.3,2836,1,0.2,13207,4,17.8,20124,6,24.8,12211,4,96.4,123,1,59,1237,1,0,16487,5,0.1,32895,10,14.2,31508,10,2.4,7327,3,-0.2,19860,6,1.1,2744,1,1478,38,24,1423,218462.19393288,2747.202697709
260,E01033904,Bristol 060B,St Michaels Hill,11.18,23576,7,69.84,188,7,4,32842,10,1.6,33690,10,5.9,27202,9,0.6,8072,3,0.1,14757,5,13.1,26686,8,39,5299,2,8.6,31250,10,62.9,876,1,-0.3,20243,6,0.1,33447,10,12.1,32090,10,1.2,11108,4,0.4,9055,3,1.3,1957,1,2628,92,78,2456,300717.502856895,3416.60396101649
261,E01033905,Bristol 060C,Park Row,12.54,21954,7,65.04,178,7,2.9,33398,10,1.4,33709,10,9.3,23426,7,0,17132,6,1,4412,2,13,26794,8,44.6,3489,2,24.7,19856,6,37.8,5339,2,0.1,15425,5,0.1,32454,10,11.8,32172,10,1.1,11182,4,0.6,6167,2,1.3,2023,1,1522,30,10,1478,197075.332959385,3666.92692729587
262,E01033906,Bristol 060E,Canons Marsh,6.29,29421,9,87.16,236,9,6.1,31063,10,3.3,33044,10,5.8,27250,9,-0.5,23120,7,0.5,8984,3,14.7,24617,8,7.7,26301,8,25.6,19278,6,6.8,26789,8,-0.3,20288,7,0.1,33520,10,14.7,31324,10,1.5,9825,3,-1.1,32828,10,0.2,11451,4,1150,103,59,1016,37363.077993155,957.326377421515
263,E01033907,Bristol 061A,Castle Park,26.29,10320,4,30.57,87,4,9.1,27312,9,5.5,29232,9,27.7,10013,3,1.3,2798,1,2,324,1,21.7,14787,5,37.6,5867,2,96.2,134,1,64.7,750,1,1,4334,2,0.2,21562,7,12.1,32101,10,3.4,5005,2,0.2,11326,4,1.5,1343,1,2240,24,34,2179,361146.09092308,4072.81989209308
264,E01033908,Bristol 061B,Queens Square,18.56,15885,5,47.06,135,6,3.9,32917,10,3.4,32910,10,13.5,19446,6,0.6,7991,3,1.6,940,1,24.9,11055,4,33.3,7681,3,18.8,23926,8,27.4,9229,3,0.4,10863,4,0.1,31612,10,12.2,32047,10,4,3706,2,0.2,12189,4,1.2,2346,1,1518,35,15,1465,139019.14158818,2051.37101569912
265,E01033909,Bristol 061C,The Centre,12.68,21797,7,64.57,177,7,2.2,33591,10,1.7,33668,10,5.1,28168,9,-0.2,19449,6,1.7,804,1,11.7,28399,9,32.4,8148,3,15.2,26655,8,8.9,23469,7,-0.3,21664,7,0.1,33577,10,12.4,31994,10,0.7,12627,4,0,15993,5,1.5,1298,1,2294,44,100,2169,330764.176623285,4069.62921045973
266,E01033910,Bristol 061E,Bathurst Basin,24.23,11606,4,34.38,91,4,27,11139,4,12.9,14010,5,27.5,10106,3,0,16809,5,1.4,1642,1,12,27962,9,23.6,12910,4,66.6,3035,1,15.1,16685,5,1.1,4101,2,0.2,23048,7,14.4,31424,10,0.8,12436,4,-0.4,23219,7,1.2,2203,1,1466,214,189,1103,221123.048784745,2383.0434136697
267,E01014496,Bristol 008E,Avonmouth Docks,29.05,8764,3,25.96,74,3,23.2,13447,4,11.6,15919,5,55.4,2284,1,0.5,9980,3,-0.2,19052,6,36.8,3156,1,32.8,7937,3,37.1,13244,4,22.2,11934,4,1.4,2118,1,0.4,3254,1,38.8,11381,4,4.1,3574,2,0.6,5946,2,0.1,14327,5,2030,318,312,1474,4878725.93403403,17407.1082753581
268,E01014498,Bristol 003B,Kingsweston Avenue,35.55,5961,2,17.66,51,2,43.3,4285,2,22.4,5133,2,46.5,3938,2,0.7,7826,3,0,17240,6,23.6,12527,4,19.9,15402,5,65.4,3296,1,18.8,14058,5,1.1,3864,2,0.4,4315,2,34.3,15433,5,1.8,9059,3,-0.1,17548,6,0.5,8179,3,1614,453,277,947,8115676.08663708,18248.7236910839
